GroupID,Denominator,cum_mean_dev_event,Color
0X001,1,0,#DEEBF7
0X001,2,0,#DEEBF7
0X001,3,0,#DEEBF7
0X001,4,0,#DEEBF7
0X001,5,0,#DEEBF7
0X001,6,0.33333333333333337,#DEEBF7
0X001,7,0.33333333333333337,#DEEBF7
0X001,8,0.33333333333333337,#DEEBF7
0X001,9,0.6666666666666667,#DEEBF7
0X001,10,0.6666666666666667,#DEEBF7
0X001,11,1,#DEEBF7
0X001,12,1,#DEEBF7
0X001,13,1.6666666666666667,#DEEBF7
0X001,14,1.6666666666666667,#DEEBF7
0X001,15,2.666666666666667,#DEEBF7
0X001,16,2.666666666666667,#DEEBF7
0X001,17,3.0000000000000004,#DEEBF7
0X001,18,3.0000000000000004,#DEEBF7
0X001,19,4,#DEEBF7
0X001,20,4.666666666666667,#DEEBF7
0X001,21,4.666666666666667,#DEEBF7
0X001,22,4.666666666666667,#DEEBF7
0X002,1,1,#DEEBF7
0X002,2,2,#DEEBF7
0X002,3,3,#DEEBF7
0X002,4,3,#DEEBF7
0X002,5,3,#DEEBF7
0X002,6,3,#DEEBF7
0X002,7,3,#DEEBF7
0X002,8,4,#DEEBF7
0X002,9,5,#DEEBF7
0X002,10,5,#DEEBF7
0X002,11,5,#DEEBF7
0X002,12,5,#DEEBF7
0X002,13,5,#DEEBF7
0X002,14,5,#DEEBF7
0X002,15,5,#DEEBF7
0X002,16,5,#DEEBF7
0X002,17,5,#DEEBF7
0X002,18,6,#DEEBF7
0X002,19,8,#DEEBF7
0X002,20,8,#DEEBF7
0X002,21,8,#DEEBF7
0X002,22,8,#DEEBF7
0X004,1,0,#DEEBF7
0X004,2,0,#DEEBF7
0X004,3,0,#DEEBF7
0X004,4,0,#DEEBF7
0X004,5,0,#DEEBF7
0X004,6,0,#DEEBF7
0X004,7,0,#DEEBF7
0X004,8,0,#DEEBF7
0X004,9,0,#DEEBF7
0X004,10,0,#DEEBF7
0X004,11,0,#DEEBF7
0X004,12,0,#DEEBF7
0X004,13,0,#DEEBF7
0X004,14,0.33333333333333337,#DEEBF7
0X004,15,0.6666666666666667,#DEEBF7
0X004,16,1,#DEEBF7
0X004,17,1.3333333333333335,#DEEBF7
0X004,18,1.666666666666667,#DEEBF7
0X004,19,2.666666666666667,#DEEBF7
0X004,20,2.666666666666667,#DEEBF7
0X004,21,2.666666666666667,#DEEBF7
0X005,1,0,#DEEBF7
0X005,2,0,#DEEBF7
0X005,3,0.14285714285714288,#DEEBF7
0X005,4,0.5714285714285714,#DEEBF7
0X005,5,0.5714285714285714,#DEEBF7
0X005,6,0.8571428571428572,#DEEBF7
0X005,7,1,#DEEBF7
0X005,8,1,#DEEBF7
0X005,9,1.4285714285714286,#DEEBF7
0X005,10,1.4285714285714286,#DEEBF7
0X005,11,1.8571428571428572,#DEEBF7
0X005,12,1.8571428571428572,#DEEBF7
0X005,13,2.142857142857143,#DEEBF7
0X005,14,3,#DEEBF7
0X005,15,3.5714285714285716,#DEEBF7
0X005,16,4,#DEEBF7
0X005,17,4,#DEEBF7
0X005,18,4.333333333333333,#DEEBF7
0X005,19,4.5,#DEEBF7
0X005,20,4.5,#DEEBF7
0X005,21,4.9,#DEEBF7
0X005,22,4.9,#DEEBF7
0X005,23,5.233333333333333,#DEEBF7
0X005,24,5.233333333333333,#DEEBF7
0X005,25,5.233333333333333,#DEEBF7
0X007,1,0,#DEEBF7
0X007,2,0,#DEEBF7
0X007,3,0.5,#DEEBF7
0X007,4,0.5,#DEEBF7
0X007,5,1,#DEEBF7
0X007,6,1,#DEEBF7
0X007,7,1,#DEEBF7
0X007,8,1,#DEEBF7
0X007,9,1,#DEEBF7
0X007,10,1,#DEEBF7
0X007,11,1.5,#DEEBF7
0X007,12,2,#DEEBF7
0X007,13,2,#DEEBF7
0X007,14,2.5,#DEEBF7
0X007,15,3.5,#DEEBF7
0X007,16,3.5,#DEEBF7
0X007,17,3.5,#DEEBF7
0X007,18,3.5,#DEEBF7
0X007,19,3.5,#DEEBF7
0X007,20,4,#DEEBF7
0X007,21,4,#DEEBF7
0X007,22,4,#DEEBF7
0X007,23,4,#DEEBF7
0X007,24,4,#DEEBF7
0X007,25,4,#DEEBF7
0X008,1,0,#DEEBF7
0X008,2,2,#DEEBF7
0X008,3,4,#DEEBF7
0X008,4,4,#DEEBF7
0X008,5,4,#DEEBF7
0X008,6,4,#DEEBF7
0X008,7,4,#DEEBF7
0X008,8,4,#DEEBF7
0X008,9,4,#DEEBF7
0X008,10,4,#DEEBF7
0X008,11,4,#DEEBF7
0X008,12,4,#DEEBF7
0X008,13,5,#DEEBF7
0X008,14,6,#DEEBF7
0X008,15,7,#DEEBF7
0X008,16,7,#DEEBF7
0X008,17,7,#DEEBF7
0X008,18,7,#DEEBF7
0X008,19,8,#DEEBF7
0X008,20,8,#DEEBF7
0X008,21,8,#DEEBF7
0X010,1,0,#DEEBF7
0X010,2,0,#DEEBF7
0X010,3,0.33333333333333337,#DEEBF7
0X010,4,0.33333333333333337,#DEEBF7
0X010,5,1,#DEEBF7
0X010,6,1,#DEEBF7
0X010,7,1,#DEEBF7
0X010,8,1.3333333333333335,#DEEBF7
0X010,9,2,#DEEBF7
0X010,10,3,#DEEBF7
0X010,11,4,#DEEBF7
0X010,12,4,#DEEBF7
0X010,13,4,#DEEBF7
0X010,14,4,#DEEBF7
0X010,15,4.333333333333333,#DEEBF7
0X010,16,4.333333333333333,#DEEBF7
0X010,17,4.666666666666666,#DEEBF7
0X010,18,4.999999999999999,#DEEBF7
0X010,19,5.499999999999999,#DEEBF7
0X010,20,5.499999999999999,#DEEBF7
0X010,21,5.499999999999999,#DEEBF7
0X010,22,5.499999999999999,#DEEBF7
0X010,23,5.499999999999999,#DEEBF7
0X011,1,0,#DEEBF7
0X011,2,0,#DEEBF7
0X011,3,0,#DEEBF7
0X011,4,0,#DEEBF7
0X011,5,0.6,#DEEBF7
0X011,6,0.6,#DEEBF7
0X011,7,0.6,#DEEBF7
0X011,8,0.6,#DEEBF7
0X011,9,0.6,#DEEBF7
0X011,10,0.6,#DEEBF7
0X011,11,0.6,#DEEBF7
0X011,12,0.6,#DEEBF7
0X011,13,0.6,#DEEBF7
0X011,14,0.6,#DEEBF7
0X011,15,0.6,#DEEBF7
0X011,16,0.6,#DEEBF7
0X011,17,0.6,#DEEBF7
0X011,18,0.6,#DEEBF7
0X011,19,0.6,#DEEBF7
0X011,20,0.6,#DEEBF7
0X011,21,0.6,#DEEBF7
0X012,1,0,#DEEBF7
0X012,2,0,#DEEBF7
0X012,3,0,#DEEBF7
0X012,4,0.2,#DEEBF7
0X012,5,0.2,#DEEBF7
0X012,6,0.4,#DEEBF7
0X012,7,0.4,#DEEBF7
0X012,8,0.8,#DEEBF7
0X012,9,0.8,#DEEBF7
0X012,10,1,#DEEBF7
0X012,11,1.2,#DEEBF7
0X012,12,1.2,#DEEBF7
0X012,13,1.6,#DEEBF7
0X012,14,1.8,#DEEBF7
0X012,15,1.8,#DEEBF7
0X012,16,2,#DEEBF7
0X012,17,2,#DEEBF7
0X012,18,2.2,#DEEBF7
0X012,19,2.2,#DEEBF7
0X012,20,2.4000000000000004,#DEEBF7
0X012,21,2.4000000000000004,#DEEBF7
0X015,1,0,#DEEBF7
0X015,2,0.33333333333333337,#DEEBF7
0X015,3,0.33333333333333337,#DEEBF7
0X015,4,0.6666666666666667,#DEEBF7
0X015,5,1,#DEEBF7
0X015,6,1.3333333333333335,#DEEBF7
0X015,7,1.3333333333333335,#DEEBF7
0X015,8,1.3333333333333335,#DEEBF7
0X015,9,1.666666666666667,#DEEBF7
0X015,10,1.666666666666667,#DEEBF7
0X015,11,2.0000000000000004,#DEEBF7
0X015,12,2.0000000000000004,#DEEBF7
0X015,13,2.0000000000000004,#DEEBF7
0X015,14,2.0000000000000004,#DEEBF7
0X015,15,2.0000000000000004,#DEEBF7
0X015,16,2.0000000000000004,#DEEBF7
0X015,17,2.0000000000000004,#DEEBF7
0X015,18,2.0000000000000004,#DEEBF7
0X015,19,2.0000000000000004,#DEEBF7
0X015,20,2.0000000000000004,#DEEBF7
0X015,21,2.0000000000000004,#DEEBF7
0X015,22,2.0000000000000004,#DEEBF7
0X015,23,2.0000000000000004,#DEEBF7
0X018,1,0,#DEEBF7
0X018,2,0.1111111111111111,#DEEBF7
0X018,3,0.5555555555555556,#DEEBF7
0X018,4,0.6666666666666667,#DEEBF7
0X018,5,0.7777777777777778,#DEEBF7
0X018,6,1,#DEEBF7
0X018,7,1.3333333333333335,#DEEBF7
0X018,8,1.5555555555555558,#DEEBF7
0X018,9,1.5555555555555558,#DEEBF7
0X018,10,2.2222222222222223,#DEEBF7
0X018,11,2.555555555555556,#DEEBF7
0X018,12,2.777777777777778,#DEEBF7
0X018,13,2.8888888888888893,#DEEBF7
0X018,14,3.0000000000000004,#DEEBF7
0X018,15,3.4444444444444446,#DEEBF7
0X018,16,3.4444444444444446,#DEEBF7
0X018,17,3.555555555555556,#DEEBF7
0X018,18,3.555555555555556,#DEEBF7
0X018,19,3.777777777777778,#DEEBF7
0X018,20,3.8888888888888893,#DEEBF7
0X018,21,3.8888888888888893,#DEEBF7
0X018,22,3.8888888888888893,#DEEBF7
0X018,23,3.8888888888888893,#DEEBF7
0X018,24,4.138888888888889,#DEEBF7
0X018,25,4.138888888888889,#DEEBF7
0X018,26,4.138888888888889,#DEEBF7
0X021,1,0.25,#DEEBF7
0X021,2,0.25,#DEEBF7
0X021,3,0.25,#DEEBF7
0X021,4,0.5,#DEEBF7
0X021,5,0.75,#DEEBF7
0X021,6,0.75,#DEEBF7
0X021,7,0.75,#DEEBF7
0X021,8,0.75,#DEEBF7
0X021,9,0.75,#DEEBF7
0X021,10,1.75,#DEEBF7
0X021,11,1.75,#DEEBF7
0X021,12,2,#DEEBF7
0X021,13,2,#DEEBF7
0X021,14,2,#DEEBF7
0X021,15,3,#DEEBF7
0X021,16,3,#DEEBF7
0X021,17,4.25,#DEEBF7
0X021,18,4.75,#DEEBF7
0X021,19,5.5,#DEEBF7
0X021,20,5.5,#DEEBF7
0X021,21,5.75,#DEEBF7
0X021,22,5.75,#DEEBF7
0X021,23,6.25,#DEEBF7
0X021,24,6.25,#DEEBF7
0X021,25,6.25,#DEEBF7
0X021,26,6.75,#DEEBF7
0X021,27,6.75,#DEEBF7
0X021,28,6.75,#DEEBF7
0X021,29,6.75,#DEEBF7
0X021,30,6.75,#DEEBF7
0X021,31,6.75,#DEEBF7
0X021,32,6.75,#DEEBF7
0X022,1,0,#DEEBF7
0X022,2,0,#DEEBF7
0X022,3,0.6666666666666666,#DEEBF7
0X022,4,1,#DEEBF7
0X022,5,1,#DEEBF7
0X022,6,1,#DEEBF7
0X022,7,1,#DEEBF7
0X022,8,1.5,#DEEBF7
0X022,9,1.5,#DEEBF7
0X022,10,1.5,#DEEBF7
0X022,11,1.5,#DEEBF7
0X022,12,2.5,#DEEBF7
0X022,13,2.5,#DEEBF7
0X022,14,2.5,#DEEBF7
0X022,15,2.5,#DEEBF7
0X022,16,2.5,#DEEBF7
0X022,17,2.5,#DEEBF7
0X022,18,2.5,#DEEBF7
0X022,19,2.5,#DEEBF7
0X022,20,2.5,#DEEBF7
0X022,21,2.5,#DEEBF7
0X022,22,2.5,#DEEBF7
0X022,23,2.5,#DEEBF7
0X023,1,0,#DEEBF7
0X023,2,0.08823529411764709,#DEEBF7
0X023,3,0.3529411764705883,#DEEBF7
0X023,4,0.6341911764705883,#DEEBF7
0X023,5,0.9154411764705883,#DEEBF7
0X023,6,1.1341911764705883,#DEEBF7
0X023,7,1.2279411764705883,#DEEBF7
0X023,8,1.5091911764705883,#DEEBF7
0X023,9,1.6654411764705883,#DEEBF7
0X023,10,1.8529411764705883,#DEEBF7
0X023,11,1.9779411764705883,#DEEBF7
0X023,12,2.1654411764705883,#DEEBF7
0X023,13,2.3216911764705883,#DEEBF7
0X023,14,2.4154411764705883,#DEEBF7
0X023,15,2.6654411764705883,#DEEBF7
0X023,16,2.9466911764705883,#DEEBF7
0X023,17,3.2279411764705883,#DEEBF7
0X023,18,3.4466911764705883,#DEEBF7
0X023,19,3.7591911764705883,#DEEBF7
0X023,20,3.9154411764705883,#DEEBF7
0X023,21,4.035441176470588,#DEEBF7
0X023,22,4.21725935828877,#DEEBF7
0X023,23,4.21725935828877,#DEEBF7
0X023,24,4.21725935828877,#DEEBF7
0X025,1,0.14285714285714288,#DEEBF7
0X025,2,0.28571428571428575,#DEEBF7
0X025,3,0.4285714285714286,#DEEBF7
0X025,4,0.5714285714285715,#DEEBF7
0X025,5,0.5714285714285715,#DEEBF7
0X025,6,0.5714285714285715,#DEEBF7
0X025,7,0.7142857142857144,#DEEBF7
0X025,8,0.8571428571428573,#DEEBF7
0X025,9,1.2857142857142858,#DEEBF7
0X025,10,1.4285714285714286,#DEEBF7
0X025,11,1.4285714285714286,#DEEBF7
0X025,12,1.5714285714285714,#DEEBF7
0X025,13,1.5714285714285714,#DEEBF7
0X025,14,1.7142857142857142,#DEEBF7
0X025,15,1.857142857142857,#DEEBF7
0X025,16,1.857142857142857,#DEEBF7
0X025,17,2.1904761904761902,#DEEBF7
0X025,18,2.1904761904761902,#DEEBF7
0X025,19,2.1904761904761902,#DEEBF7
0X025,20,2.1904761904761902,#DEEBF7
0X025,21,2.1904761904761902,#DEEBF7
0X028,1,0,#DEEBF7
0X028,2,1,#DEEBF7
0X028,3,1,#DEEBF7
0X028,4,4,#DEEBF7
0X028,5,4,#DEEBF7
0X028,6,6,#DEEBF7
0X028,7,7,#DEEBF7
0X028,8,8,#DEEBF7
0X028,9,8,#DEEBF7
0X028,10,8,#DEEBF7
0X028,11,8,#DEEBF7
0X028,12,8,#DEEBF7
0X028,13,8,#DEEBF7
0X028,14,9,#DEEBF7
0X028,15,9,#DEEBF7
0X028,16,9,#DEEBF7
0X028,17,9,#DEEBF7
0X028,18,9,#DEEBF7
0X028,19,10,#DEEBF7
0X028,20,11,#DEEBF7
0X028,21,11,#DEEBF7
0X028,22,11,#DEEBF7
0X028,23,11,#DEEBF7
0X028,24,11,#DEEBF7
0X028,25,11,#DEEBF7
0X028,26,11,#DEEBF7
0X028,27,11,#DEEBF7
0X028,28,11,#DEEBF7
0X028,29,11,#DEEBF7
0X028,30,11,#DEEBF7
0X028,31,11,#DEEBF7
0X028,32,11,#DEEBF7
0X028,33,11,#DEEBF7
0X028,34,15,#DEEBF7
0X028,35,16,#DEEBF7
0X029,1,0,#DEEBF7
0X029,2,0,#DEEBF7
0X029,3,0.75,#DEEBF7
0X029,4,0.75,#DEEBF7
0X029,5,0.75,#DEEBF7
0X029,6,1,#DEEBF7
0X029,7,1.25,#DEEBF7
0X029,8,1.25,#DEEBF7
0X029,9,1.5,#DEEBF7
0X029,10,2,#DEEBF7
0X029,11,2.25,#DEEBF7
0X029,12,2.5,#DEEBF7
0X029,13,2.5,#DEEBF7
0X029,14,2.5,#DEEBF7
0X029,15,3,#DEEBF7
0X029,16,3,#DEEBF7
0X029,17,3.25,#DEEBF7
0X029,18,3.5,#DEEBF7
0X029,19,3.75,#DEEBF7
0X029,20,3.75,#DEEBF7
0X029,21,3.75,#DEEBF7
0X029,22,3.75,#DEEBF7
0X029,23,3.75,#DEEBF7
0X030,1,0,#DEEBF7
0X030,2,0,#DEEBF7
0X030,3,0.5,#DEEBF7
0X030,4,1,#DEEBF7
0X030,5,1,#DEEBF7
0X030,6,1,#DEEBF7
0X030,7,1.5,#DEEBF7
0X030,8,1.5,#DEEBF7
0X030,9,1.5,#DEEBF7
0X030,10,1.5,#DEEBF7
0X030,11,2,#DEEBF7
0X030,12,2,#DEEBF7
0X030,13,2,#DEEBF7
0X030,14,2,#DEEBF7
0X030,15,2,#DEEBF7
0X030,16,2,#DEEBF7
0X030,17,2,#DEEBF7
0X030,18,2.5,#DEEBF7
0X030,19,3,#DEEBF7
0X030,20,3.5,#DEEBF7
0X030,21,4,#DEEBF7
0X030,22,4.5,#DEEBF7
0X030,23,4.5,#DEEBF7
0X030,24,5.5,#DEEBF7
0X031,1,0,#DEEBF7
0X031,2,0,#DEEBF7
0X031,3,0,#DEEBF7
0X031,4,0,#DEEBF7
0X031,5,0,#DEEBF7
0X031,6,0.33333333333333337,#DEEBF7
0X031,7,1.3333333333333335,#DEEBF7
0X031,8,1.666666666666667,#DEEBF7
0X031,9,1.666666666666667,#DEEBF7
0X031,10,2.666666666666667,#DEEBF7
0X031,11,2.666666666666667,#DEEBF7
0X031,12,3.0000000000000004,#DEEBF7
0X031,13,3.0000000000000004,#DEEBF7
0X031,14,3.666666666666667,#DEEBF7
0X031,15,3.666666666666667,#DEEBF7
0X031,16,4.333333333333334,#DEEBF7
0X031,17,4.333333333333334,#DEEBF7
0X031,18,4.333333333333334,#DEEBF7
0X031,19,5.000000000000001,#DEEBF7
0X031,20,5.000000000000001,#DEEBF7
0X031,21,5.000000000000001,#DEEBF7
0X031,22,5.000000000000001,#DEEBF7
0X031,23,5.000000000000001,#DEEBF7
0X031,24,5.000000000000001,#DEEBF7
0X031,25,5.000000000000001,#DEEBF7
0X033,1,0,#DEEBF7
0X033,2,0,#DEEBF7
0X033,3,0,#DEEBF7
0X033,4,0,#DEEBF7
0X033,5,0,#DEEBF7
0X033,6,2,#DEEBF7
0X033,7,2,#DEEBF7
0X033,8,2,#DEEBF7
0X033,9,2,#DEEBF7
0X033,10,2,#DEEBF7
0X033,11,2,#DEEBF7
0X033,12,2,#DEEBF7
0X033,13,2,#DEEBF7
0X033,14,2,#DEEBF7
0X033,15,2,#DEEBF7
0X033,16,2,#DEEBF7
0X033,17,2,#DEEBF7
0X033,18,2,#DEEBF7
0X033,19,2,#DEEBF7
0X033,20,2,#DEEBF7
0X033,21,2,#DEEBF7
0X034,1,0,#DEEBF7
0X034,2,1,#DEEBF7
0X034,3,1,#DEEBF7
0X034,4,1,#DEEBF7
0X034,5,2,#DEEBF7
0X034,6,2,#DEEBF7
0X034,7,3,#DEEBF7
0X034,8,3,#DEEBF7
0X034,9,3,#DEEBF7
0X034,10,3,#DEEBF7
0X034,11,3,#DEEBF7
0X034,12,3,#DEEBF7
0X034,13,4,#DEEBF7
0X034,14,4,#DEEBF7
0X034,15,5,#DEEBF7
0X034,16,5,#DEEBF7
0X034,17,6,#DEEBF7
0X034,18,6,#DEEBF7
0X034,19,6,#DEEBF7
0X034,20,6,#DEEBF7
0X034,21,6,#DEEBF7
0X034,22,6,#DEEBF7
0X036,1,0,#DEEBF7
0X036,2,0,#DEEBF7
0X036,3,0.8,#DEEBF7
0X036,4,0.8,#DEEBF7
0X036,5,1,#DEEBF7
0X036,6,1.2,#DEEBF7
0X036,7,1.2,#DEEBF7
0X036,8,1.2,#DEEBF7
0X036,9,1.2,#DEEBF7
0X036,10,1.2,#DEEBF7
0X036,11,1.2,#DEEBF7
0X036,12,1.2,#DEEBF7
0X036,13,1.2,#DEEBF7
0X036,14,1.7999999999999998,#DEEBF7
0X036,15,1.9999999999999998,#DEEBF7
0X036,16,1.9999999999999998,#DEEBF7
0X036,17,1.9999999999999998,#DEEBF7
0X036,18,1.9999999999999998,#DEEBF7
0X036,19,2.1999999999999997,#DEEBF7
0X036,20,2.1999999999999997,#DEEBF7
0X036,21,2.1999999999999997,#DEEBF7
0X036,22,2.1999999999999997,#DEEBF7
0X036,23,2.1999999999999997,#DEEBF7
0X036,24,2.1999999999999997,#DEEBF7
0X036,25,2.1999999999999997,#DEEBF7
0X036,26,3.1999999999999997,#DEEBF7
0X037,1,0,#DEEBF7
0X037,2,0,#DEEBF7
0X037,3,0.33333333333333337,#DEEBF7
0X037,4,0.33333333333333337,#DEEBF7
0X037,5,0.6666666666666667,#DEEBF7
0X037,6,0.6666666666666667,#DEEBF7
0X037,7,0.6666666666666667,#DEEBF7
0X037,8,0.6666666666666667,#DEEBF7
0X037,9,0.6666666666666667,#DEEBF7
0X037,10,0.6666666666666667,#DEEBF7
0X037,11,0.6666666666666667,#DEEBF7
0X037,12,1,#DEEBF7
0X037,13,1.3333333333333335,#DEEBF7
0X037,14,2,#DEEBF7
0X037,15,2,#DEEBF7
0X037,16,2,#DEEBF7
0X037,17,2,#DEEBF7
0X037,18,2,#DEEBF7
0X037,19,2,#DEEBF7
0X037,20,2,#DEEBF7
0X038,1,0,#DEEBF7
0X038,2,0,#DEEBF7
0X038,3,0.16666666666666669,#DEEBF7
0X038,4,0.33333333333333337,#DEEBF7
0X038,5,0.4166666666666667,#DEEBF7
0X038,6,0.5,#DEEBF7
0X038,7,0.5,#DEEBF7
0X038,8,0.9166666666666666,#DEEBF7
0X038,9,0.9166666666666666,#DEEBF7
0X038,10,1.0833333333333333,#DEEBF7
0X038,11,1.0833333333333333,#DEEBF7
0X038,12,1.25,#DEEBF7
0X038,13,1.4166666666666667,#DEEBF7
0X038,14,1.5,#DEEBF7
0X038,15,1.5,#DEEBF7
0X038,16,1.75,#DEEBF7
0X038,17,1.9166666666666667,#DEEBF7
0X038,18,1.9166666666666667,#DEEBF7
0X038,19,2,#DEEBF7
0X038,20,2.3333333333333335,#DEEBF7
0X038,21,2.416666666666667,#DEEBF7
0X038,22,2.616666666666667,#DEEBF7
0X038,23,2.616666666666667,#DEEBF7
0X038,24,2.616666666666667,#DEEBF7
0X038,25,4.616666666666667,#DEEBF7
0X039,1,0,#DEEBF7
0X039,2,0.2,#DEEBF7
0X039,3,1.2,#DEEBF7
0X039,4,2,#DEEBF7
0X039,5,2,#DEEBF7
0X039,6,2,#DEEBF7
0X039,7,2.5,#DEEBF7
0X039,8,2.5,#DEEBF7
0X039,9,2.5,#DEEBF7
0X039,10,4,#DEEBF7
0X039,11,4,#DEEBF7
0X039,12,4.5,#DEEBF7
0X039,13,4.5,#DEEBF7
0X039,14,4.5,#DEEBF7
0X039,15,4.5,#DEEBF7
0X039,16,5.5,#DEEBF7
0X039,17,6.25,#DEEBF7
0X039,18,6.25,#DEEBF7
0X039,19,6.25,#DEEBF7
0X039,20,6.25,#DEEBF7
0X039,21,6.75,#DEEBF7
0X039,22,7.083333333333333,#DEEBF7
0X039,23,7.583333333333333,#DEEBF7
0X039,24,7.583333333333333,#DEEBF7
0X039,25,8.583333333333332,#DEEBF7
0X039,26,8.583333333333332,#DEEBF7
0X039,27,8.583333333333332,#DEEBF7
0X040,1,0,#DEEBF7
0X040,2,0.33333333333333337,#DEEBF7
0X040,3,0.33333333333333337,#DEEBF7
0X040,4,0.33333333333333337,#DEEBF7
0X040,5,0.33333333333333337,#DEEBF7
0X040,6,0.33333333333333337,#DEEBF7
0X040,7,0.33333333333333337,#DEEBF7
0X040,8,0.33333333333333337,#DEEBF7
0X040,9,0.33333333333333337,#DEEBF7
0X040,10,0.6666666666666667,#DEEBF7
0X040,11,1,#DEEBF7
0X040,12,1,#DEEBF7
0X040,13,1,#DEEBF7
0X040,14,1,#DEEBF7
0X040,15,1.3333333333333335,#DEEBF7
0X040,16,1.3333333333333335,#DEEBF7
0X040,17,1.3333333333333335,#DEEBF7
0X040,18,1.3333333333333335,#DEEBF7
0X040,19,1.666666666666667,#DEEBF7
0X040,20,2.0000000000000004,#DEEBF7
0X040,21,2.0000000000000004,#DEEBF7
0X040,22,2.0000000000000004,#DEEBF7
0X040,23,2.5000000000000004,#DEEBF7
0X040,24,2.5000000000000004,#DEEBF7
0X042,1,0,#DEEBF7
0X042,2,0,#DEEBF7
0X042,3,0.2,#DEEBF7
0X042,4,0.2,#DEEBF7
0X042,5,0.4,#DEEBF7
0X042,6,1,#DEEBF7
0X042,7,1.4,#DEEBF7
0X042,8,1.5999999999999999,#DEEBF7
0X042,9,1.5999999999999999,#DEEBF7
0X042,10,1.5999999999999999,#DEEBF7
0X042,11,1.7999999999999998,#DEEBF7
0X042,12,2.1999999999999997,#DEEBF7
0X042,13,2.1999999999999997,#DEEBF7
0X042,14,2.5999999999999996,#DEEBF7
0X042,15,2.5999999999999996,#DEEBF7
0X042,16,3.1999999999999997,#DEEBF7
0X042,17,3.1999999999999997,#DEEBF7
0X042,18,3.8,#DEEBF7
0X042,19,6,#DEEBF7
0X042,20,6,#DEEBF7
0X042,21,6,#DEEBF7
0X042,22,6,#DEEBF7
0X042,23,6,#DEEBF7
0X042,24,7,#DEEBF7
0X045,1,0,#DEEBF7
0X045,2,0,#DEEBF7
0X045,3,0.5,#DEEBF7
0X045,4,1.25,#DEEBF7
0X045,5,1.25,#DEEBF7
0X045,6,1.5,#DEEBF7
0X045,7,1.75,#DEEBF7
0X045,8,2.25,#DEEBF7
0X045,9,2.5,#DEEBF7
0X045,10,2.75,#DEEBF7
0X045,11,2.75,#DEEBF7
0X045,12,2.75,#DEEBF7
0X045,13,2.75,#DEEBF7
0X045,14,2.75,#DEEBF7
0X045,15,3.5,#DEEBF7
0X045,16,3.75,#DEEBF7
0X045,17,4,#DEEBF7
0X045,18,4,#DEEBF7
0X045,19,4,#DEEBF7
0X045,20,4.25,#DEEBF7
0X045,21,4.25,#DEEBF7
0X045,22,4.916666666666667,#DEEBF7
0X045,23,4.916666666666667,#DEEBF7
0X045,24,5.916666666666667,#DEEBF7
0X045,25,5.916666666666667,#DEEBF7
0X046,1,0,#DEEBF7
0X046,2,0,#DEEBF7
0X046,3,0,#DEEBF7
0X046,4,0.25,#DEEBF7
0X046,5,0.5,#DEEBF7
0X046,6,0.5,#DEEBF7
0X046,7,1.25,#DEEBF7
0X046,8,1.25,#DEEBF7
0X046,9,1.25,#DEEBF7
0X046,10,1.25,#DEEBF7
0X046,11,1.25,#DEEBF7
0X046,12,1.25,#DEEBF7
0X046,13,1.25,#DEEBF7
0X046,14,1.25,#DEEBF7
0X046,15,1.5,#DEEBF7
0X046,16,1.5,#DEEBF7
0X046,17,1.75,#DEEBF7
0X046,18,2.25,#DEEBF7
0X046,19,2.25,#DEEBF7
0X046,20,2.75,#DEEBF7
0X046,21,2.75,#DEEBF7
0X046,22,3.25,#DEEBF7
0X046,23,3.75,#DEEBF7
0X046,24,3.75,#DEEBF7
0X047,1,0,#DEEBF7
0X047,2,0,#DEEBF7
0X047,3,0,#DEEBF7
0X047,4,0,#DEEBF7
0X047,5,0,#DEEBF7
0X047,6,0,#DEEBF7
0X047,7,0,#DEEBF7
0X047,8,0,#DEEBF7
0X047,9,0,#DEEBF7
0X047,10,0,#DEEBF7
0X047,11,0,#DEEBF7
0X047,12,0,#DEEBF7
0X047,13,0,#DEEBF7
0X047,14,0,#DEEBF7
0X047,15,0,#DEEBF7
0X047,16,0,#DEEBF7
0X047,17,0,#DEEBF7
0X047,18,0,#DEEBF7
0X047,19,0,#DEEBF7
0X047,20,0,#DEEBF7
0X048,1,0,#DEEBF7
0X048,2,0,#DEEBF7
0X048,3,0,#DEEBF7
0X048,4,0,#DEEBF7
0X048,5,0.5,#DEEBF7
0X048,6,0.5,#DEEBF7
0X048,7,1,#DEEBF7
0X048,8,1,#DEEBF7
0X048,9,1,#DEEBF7
0X048,10,1.5,#DEEBF7
0X048,11,1.5,#DEEBF7
0X048,12,1.5,#DEEBF7
0X048,13,2,#DEEBF7
0X048,14,2.5,#DEEBF7
0X048,15,2.5,#DEEBF7
0X048,16,2.5,#DEEBF7
0X048,17,4,#DEEBF7
0X048,18,4,#DEEBF7
0X048,19,4,#DEEBF7
0X048,20,4,#DEEBF7
0X048,21,4.5,#DEEBF7
0X048,22,4.5,#DEEBF7
0X048,23,4.5,#DEEBF7
0X049,1,0,#DEEBF7
0X049,2,1.5,#DEEBF7
0X049,3,1.5,#DEEBF7
0X049,4,1.5,#DEEBF7
0X049,5,1.5,#DEEBF7
0X049,6,1.5,#DEEBF7
0X049,7,1.5,#DEEBF7
0X049,8,1.5,#DEEBF7
0X049,9,1.5,#DEEBF7
0X049,10,1.5,#DEEBF7
0X049,11,1.5,#DEEBF7
0X049,12,1.5,#DEEBF7
0X049,13,1.5,#DEEBF7
0X049,14,1.5,#DEEBF7
0X049,15,1.5,#DEEBF7
0X049,16,3,#DEEBF7
0X049,17,3.5,#DEEBF7
0X049,18,4,#DEEBF7
0X049,19,5,#DEEBF7
0X049,20,8,#DEEBF7
0X050,1,0,#DEEBF7
0X050,2,0,#DEEBF7
0X050,3,0,#DEEBF7
0X050,4,0,#DEEBF7
0X050,5,1,#DEEBF7
0X050,6,1,#DEEBF7
0X050,7,1,#DEEBF7
0X050,8,1,#DEEBF7
0X050,9,1,#DEEBF7
0X050,10,1,#DEEBF7
0X050,11,1,#DEEBF7
0X050,12,1,#DEEBF7
0X050,13,1,#DEEBF7
0X050,14,1,#DEEBF7
0X050,15,1,#DEEBF7
0X050,16,1,#DEEBF7
0X050,17,1,#DEEBF7
0X050,18,5,#DEEBF7
0X050,19,7,#DEEBF7
0X050,20,7,#DEEBF7
0X050,21,7,#DEEBF7
0X050,22,7,#DEEBF7
0X051,1,0,#DEEBF7
0X051,2,0,#DEEBF7
0X051,3,0.16666666666666669,#DEEBF7
0X051,4,0.16666666666666669,#DEEBF7
0X051,5,0.16666666666666669,#DEEBF7
0X051,6,0.5,#DEEBF7
0X051,7,0.6666666666666667,#DEEBF7
0X051,8,0.8333333333333334,#DEEBF7
0X051,9,1.0333333333333334,#DEEBF7
0X051,10,1.0333333333333334,#DEEBF7
0X051,11,1.0333333333333334,#DEEBF7
0X051,12,1.0333333333333334,#DEEBF7
0X051,13,1.2333333333333334,#DEEBF7
0X051,14,1.2333333333333334,#DEEBF7
0X051,15,1.2333333333333334,#DEEBF7
0X051,16,1.4333333333333333,#DEEBF7
0X051,17,1.4333333333333333,#DEEBF7
0X051,18,1.4333333333333333,#DEEBF7
0X051,19,2.033333333333333,#DEEBF7
0X051,20,2.783333333333333,#DEEBF7
0X051,21,2.783333333333333,#DEEBF7
0X051,22,2.783333333333333,#DEEBF7
0X051,23,3.4499999999999997,#DEEBF7
0X051,24,3.4499999999999997,#DEEBF7
0X052,1,0.017241379310344817,#DEEBF7
0X052,2,0.051724137931034475,#DEEBF7
0X052,3,0.5000000000000001,#DEEBF7
0X052,4,0.6379310344827587,#DEEBF7
0X052,5,0.7931034482758621,#DEEBF7
0X052,6,0.9137931034482759,#DEEBF7
0X052,7,1.0862068965517242,#DEEBF7
0X052,8,1.2068965517241381,#DEEBF7
0X052,9,1.2413793103448278,#DEEBF7
0X052,10,1.3448275862068968,#DEEBF7
0X052,11,1.4482758620689657,#DEEBF7
0X052,12,1.53448275862069,#DEEBF7
0X052,13,1.6034482758620692,#DEEBF7
0X052,14,1.6724137931034484,#DEEBF7
0X052,15,1.810344827586207,#DEEBF7
0X052,16,2.0517241379310347,#DEEBF7
0X052,17,2.2758620689655173,#DEEBF7
0X052,18,2.5039322444041137,#DEEBF7
0X052,19,2.7717893872612565,#DEEBF7
0X052,20,2.986075101546971,#DEEBF7
0X052,21,3.169748570934726,#DEEBF7
0X052,22,3.757983865052373,#DEEBF7
0X052,23,4.091317198385706,#DEEBF7
0X052,24,4.273135380203888,#DEEBF7
0X052,25,4.273135380203888,#DEEBF7
0X052,26,4.606468713537221,#DEEBF7
0X052,27,4.606468713537221,#DEEBF7
0X055,1,0,#DEEBF7
0X055,2,0,#DEEBF7
0X055,3,0,#DEEBF7
0X055,4,1,#DEEBF7
0X055,5,2,#DEEBF7
0X055,6,2,#DEEBF7
0X055,7,2,#DEEBF7
0X055,8,2.5,#DEEBF7
0X055,9,2.5,#DEEBF7
0X055,10,2.5,#DEEBF7
0X055,11,2.5,#DEEBF7
0X055,12,3,#DEEBF7
0X055,13,3,#DEEBF7
0X055,14,3,#DEEBF7
0X055,15,3,#DEEBF7
0X055,16,3,#DEEBF7
0X055,17,3,#DEEBF7
0X055,18,3,#DEEBF7
0X055,19,3,#DEEBF7
0X055,20,3,#DEEBF7
0X055,21,3,#DEEBF7
0X056,1,0,#DEEBF7
0X056,2,0,#DEEBF7
0X056,3,0.6666666666666666,#DEEBF7
0X056,4,0.6666666666666666,#DEEBF7
0X056,5,0.6666666666666666,#DEEBF7
0X056,6,0.6666666666666666,#DEEBF7
0X056,7,0.6666666666666666,#DEEBF7
0X056,8,0.6666666666666666,#DEEBF7
0X056,9,0.6666666666666666,#DEEBF7
0X056,10,0.6666666666666666,#DEEBF7
0X056,11,0.6666666666666666,#DEEBF7
0X056,12,1,#DEEBF7
0X056,13,1.6666666666666667,#DEEBF7
0X056,14,1.6666666666666667,#DEEBF7
0X056,15,1.6666666666666667,#DEEBF7
0X056,16,3,#DEEBF7
0X056,17,3.6666666666666665,#DEEBF7
0X056,18,4,#DEEBF7
0X056,19,4,#DEEBF7
0X056,20,4,#DEEBF7
0X056,21,4,#DEEBF7
0X058,1,0,#DEEBF7
0X058,2,0.5,#DEEBF7
0X058,3,1.5,#DEEBF7
0X058,4,1.5,#DEEBF7
0X058,5,1.5,#DEEBF7
0X058,6,1.5,#DEEBF7
0X058,7,1.5,#DEEBF7
0X058,8,1.5,#DEEBF7
0X058,9,1.5,#DEEBF7
0X058,10,1.5,#DEEBF7
0X058,11,2.5,#DEEBF7
0X058,12,2.5,#DEEBF7
0X058,13,2.5,#DEEBF7
0X058,14,2.5,#DEEBF7
0X058,15,2.5,#DEEBF7
0X058,16,2.5,#DEEBF7
0X058,17,3.5,#DEEBF7
0X058,18,3.5,#DEEBF7
0X058,19,3.5,#DEEBF7
0X058,20,3.5,#DEEBF7
0X058,21,4.5,#DEEBF7
0X061,1,0,#DEEBF7
0X061,2,3,#DEEBF7
0X061,3,3,#DEEBF7
0X061,4,3,#DEEBF7
0X061,5,3,#DEEBF7
0X061,6,3,#DEEBF7
0X061,7,3,#DEEBF7
0X061,8,3,#DEEBF7
0X061,9,3,#DEEBF7
0X061,10,3,#DEEBF7
0X061,11,3,#DEEBF7
0X061,12,3,#DEEBF7
0X061,13,3,#DEEBF7
0X061,14,4,#DEEBF7
0X061,15,4,#DEEBF7
0X061,16,4,#DEEBF7
0X061,17,4,#DEEBF7
0X061,18,4,#DEEBF7
0X061,19,4,#DEEBF7
0X061,20,4,#DEEBF7
0X061,21,4,#DEEBF7
0X062,1,0,#DEEBF7
0X062,2,0,#DEEBF7
0X062,3,0.6666666666666667,#DEEBF7
0X062,4,0.6666666666666667,#DEEBF7
0X062,5,0.6666666666666667,#DEEBF7
0X062,6,0.6666666666666667,#DEEBF7
0X062,7,0.6666666666666667,#DEEBF7
0X062,8,0.6666666666666667,#DEEBF7
0X062,9,1,#DEEBF7
0X062,10,1,#DEEBF7
0X062,11,1,#DEEBF7
0X062,12,2,#DEEBF7
0X062,13,2.3333333333333335,#DEEBF7
0X062,14,2.3333333333333335,#DEEBF7
0X062,15,3,#DEEBF7
0X062,16,3.3333333333333335,#DEEBF7
0X062,17,5,#DEEBF7
0X062,18,5.666666666666667,#DEEBF7
0X062,19,6.333333333333334,#DEEBF7
0X062,20,6.666666666666667,#DEEBF7
0X062,21,7,#DEEBF7
0X062,22,7.333333333333333,#DEEBF7
0X062,23,8.333333333333332,#DEEBF7
0X064,1,0,#DEEBF7
0X064,2,0,#DEEBF7
0X064,3,0,#DEEBF7
0X064,4,0,#DEEBF7
0X064,5,0.2,#DEEBF7
0X064,6,0.2,#DEEBF7
0X064,7,0.4,#DEEBF7
0X064,8,0.6000000000000001,#DEEBF7
0X064,9,1,#DEEBF7
0X064,10,1.2,#DEEBF7
0X064,11,1.2,#DEEBF7
0X064,12,1.2,#DEEBF7
0X064,13,1.4,#DEEBF7
0X064,14,1.4,#DEEBF7
0X064,15,1.5999999999999999,#DEEBF7
0X064,16,1.5999999999999999,#DEEBF7
0X064,17,1.7999999999999998,#DEEBF7
0X064,18,2.4,#DEEBF7
0X064,19,2.4,#DEEBF7
0X064,20,2.6,#DEEBF7
0X064,21,2.6,#DEEBF7
0X064,22,2.6,#DEEBF7
0X064,23,2.85,#DEEBF7
0X064,24,2.85,#DEEBF7
0X064,25,3.35,#DEEBF7
0X065,1,0,#DEEBF7
0X065,2,0.13888888888888892,#DEEBF7
0X065,3,0.638888888888889,#DEEBF7
0X065,4,0.9444444444444445,#DEEBF7
0X065,5,1.2222222222222223,#DEEBF7
0X065,6,1.4444444444444444,#DEEBF7
0X065,7,1.6666666666666665,#DEEBF7
0X065,8,1.8333333333333333,#DEEBF7
0X065,9,1.9444444444444444,#DEEBF7
0X065,10,2.0833333333333335,#DEEBF7
0X065,11,2.1944444444444446,#DEEBF7
0X065,12,2.361111111111111,#DEEBF7
0X065,13,2.4444444444444446,#DEEBF7
0X065,14,2.6388888888888893,#DEEBF7
0X065,15,2.7500000000000004,#DEEBF7
0X065,16,2.777777777777778,#DEEBF7
0X065,17,2.916666666666667,#DEEBF7
0X065,18,3.0595238095238098,#DEEBF7
0X065,19,3.1166666666666667,#DEEBF7
0X065,20,3.65952380952381,#DEEBF7
0X065,21,3.90952380952381,#DEEBF7
0X065,22,4.10952380952381,#DEEBF7
0X065,23,4.276190476190477,#DEEBF7
0X065,24,4.276190476190477,#DEEBF7
0X065,25,4.276190476190477,#DEEBF7
0X066,1,0,#DEEBF7
0X066,2,0,#DEEBF7
0X066,3,2,#DEEBF7
0X066,4,4,#DEEBF7
0X066,5,4,#DEEBF7
0X066,6,5,#DEEBF7
0X066,7,5,#DEEBF7
0X066,8,6,#DEEBF7
0X066,9,7,#DEEBF7
0X066,10,7,#DEEBF7
0X066,11,7,#DEEBF7
0X066,12,7,#DEEBF7
0X066,13,7,#DEEBF7
0X066,14,7,#DEEBF7
0X066,15,7,#DEEBF7
0X066,16,7,#DEEBF7
0X066,17,7,#DEEBF7
0X066,18,7,#DEEBF7
0X066,19,10,#DEEBF7
0X066,20,10,#DEEBF7
0X066,21,10,#DEEBF7
0X066,22,10,#DEEBF7
0X066,23,10,#DEEBF7
0X068,1,0,#DEEBF7
0X068,2,0,#DEEBF7
0X068,3,0,#DEEBF7
0X068,4,0,#DEEBF7
0X068,5,0,#DEEBF7
0X068,6,0,#DEEBF7
0X068,7,0,#DEEBF7
0X068,8,0,#DEEBF7
0X068,9,0,#DEEBF7
0X068,10,0,#DEEBF7
0X068,11,0,#DEEBF7
0X068,12,0,#DEEBF7
0X068,13,0,#DEEBF7
0X068,14,0,#DEEBF7
0X068,15,0,#DEEBF7
0X068,16,0,#DEEBF7
0X068,17,0,#DEEBF7
0X068,18,0,#DEEBF7
0X068,19,0,#DEEBF7
0X068,20,0,#DEEBF7
0X068,21,0,#DEEBF7
0X072,1,0,#DEEBF7
0X072,2,1,#DEEBF7
0X072,3,1,#DEEBF7
0X072,4,1,#DEEBF7
0X072,5,1,#DEEBF7
0X072,6,1,#DEEBF7
0X072,7,1,#DEEBF7
0X072,8,1,#DEEBF7
0X072,9,1,#DEEBF7
0X072,10,1.3333333333333335,#DEEBF7
0X072,11,1.666666666666667,#DEEBF7
0X072,12,2.0000000000000004,#DEEBF7
0X072,13,2.0000000000000004,#DEEBF7
0X072,14,3.333333333333334,#DEEBF7
0X072,15,3.333333333333334,#DEEBF7
0X072,16,3.333333333333334,#DEEBF7
0X072,17,3.333333333333334,#DEEBF7
0X072,18,3.6666666666666674,#DEEBF7
0X072,19,4.000000000000001,#DEEBF7
0X072,20,4.333333333333334,#DEEBF7
0X072,21,4.833333333333334,#DEEBF7
0X072,22,4.833333333333334,#DEEBF7
0X073,1,0,#DEEBF7
0X073,2,0,#DEEBF7
0X073,3,0,#DEEBF7
0X073,4,0,#DEEBF7
0X073,5,0,#DEEBF7
0X073,6,0.33333333333333337,#DEEBF7
0X073,7,0.6666666666666667,#DEEBF7
0X073,8,1,#DEEBF7
0X073,9,1,#DEEBF7
0X073,10,1,#DEEBF7
0X073,11,1,#DEEBF7
0X073,12,1,#DEEBF7
0X073,13,1,#DEEBF7
0X073,14,1,#DEEBF7
0X073,15,1,#DEEBF7
0X073,16,1,#DEEBF7
0X073,17,1.6666666666666665,#DEEBF7
0X073,18,2,#DEEBF7
0X073,19,2.3333333333333335,#DEEBF7
0X073,20,2.3333333333333335,#DEEBF7
0X073,21,2.3333333333333335,#DEEBF7
0X073,22,2.8333333333333335,#DEEBF7
0X073,23,2.8333333333333335,#DEEBF7
0X073,24,2.8333333333333335,#DEEBF7
0X073,25,2.8333333333333335,#DEEBF7
0X074,1,0,#DEEBF7
0X074,2,0,#DEEBF7
0X074,3,1,#DEEBF7
0X074,4,1.5,#DEEBF7
0X074,5,1.5,#DEEBF7
0X074,6,1.5,#DEEBF7
0X074,7,1.5,#DEEBF7
0X074,8,1.5,#DEEBF7
0X074,9,1.5,#DEEBF7
0X074,10,1.5,#DEEBF7
0X074,11,1.5,#DEEBF7
0X074,12,3.5,#DEEBF7
0X074,13,3.5,#DEEBF7
0X074,14,3.5,#DEEBF7
0X074,15,3.5,#DEEBF7
0X074,16,3.5,#DEEBF7
0X074,17,3.5,#DEEBF7
0X074,18,4,#DEEBF7
0X074,19,4,#DEEBF7
0X074,20,4,#DEEBF7
0X074,21,4,#DEEBF7
0X075,1,0,#DEEBF7
0X075,2,0,#DEEBF7
0X075,3,0,#DEEBF7
0X075,4,0.25,#DEEBF7
0X075,5,0.375,#DEEBF7
0X075,6,0.375,#DEEBF7
0X075,7,0.375,#DEEBF7
0X075,8,0.5,#DEEBF7
0X075,9,0.5,#DEEBF7
0X075,10,0.625,#DEEBF7
0X075,11,0.625,#DEEBF7
0X075,12,0.625,#DEEBF7
0X075,13,0.875,#DEEBF7
0X075,14,1.375,#DEEBF7
0X075,15,1.5,#DEEBF7
0X075,16,1.5,#DEEBF7
0X075,17,1.5,#DEEBF7
0X075,18,1.5,#DEEBF7
0X075,19,1.75,#DEEBF7
0X075,20,1.875,#DEEBF7
0X075,21,1.875,#DEEBF7
0X075,22,2.0416666666666665,#DEEBF7
0X075,23,2.0416666666666665,#DEEBF7
0X075,24,2.0416666666666665,#DEEBF7
0X075,25,2.0416666666666665,#DEEBF7
0X075,26,2.0416666666666665,#DEEBF7
0X076,1,0,#DEEBF7
0X076,2,0,#DEEBF7
0X076,3,0.4705882352941176,#DEEBF7
0X076,4,0.588235294117647,#DEEBF7
0X076,5,0.9411764705882352,#DEEBF7
0X076,6,1.352941176470588,#DEEBF7
0X076,7,1.4117647058823528,#DEEBF7
0X076,8,1.7058823529411764,#DEEBF7
0X076,9,1.8235294117647058,#DEEBF7
0X076,10,1.8823529411764706,#DEEBF7
0X076,11,2.235294117647059,#DEEBF7
0X076,12,2.411764705882353,#DEEBF7
0X076,13,2.4705882352941173,#DEEBF7
0X076,14,2.5882352941176467,#DEEBF7
0X076,15,2.6470588235294112,#DEEBF7
0X076,16,2.7058823529411757,#DEEBF7
0X076,17,2.823529411764705,#DEEBF7
0X076,18,3.1176470588235285,#DEEBF7
0X076,19,3.235294117647058,#DEEBF7
0X076,20,3.470588235294117,#DEEBF7
0X076,21,3.5372549019607837,#DEEBF7
0X076,22,3.620588235294117,#DEEBF7
0X076,23,3.7872549019607837,#DEEBF7
0X076,24,3.7872549019607837,#DEEBF7
0X076,25,4.287254901960784,#DEEBF7
0X076,26,4.287254901960784,#DEEBF7
0X076,27,4.287254901960784,#DEEBF7
0X076,28,4.287254901960784,#DEEBF7
0X076,29,4.287254901960784,#DEEBF7
0X076,30,4.287254901960784,#DEEBF7
0X076,31,5.287254901960784,#DEEBF7
0X076,32,5.287254901960784,#DEEBF7
0X076,33,6.287254901960784,#DEEBF7
0X077,1,0,#DEEBF7
0X077,2,0,#DEEBF7
0X077,3,0.5,#DEEBF7
0X077,4,0.625,#DEEBF7
0X077,5,0.625,#DEEBF7
0X077,6,0.625,#DEEBF7
0X077,7,0.625,#DEEBF7
0X077,8,0.7678571428571429,#DEEBF7
0X077,9,0.7678571428571429,#DEEBF7
0X077,10,0.9345238095238095,#DEEBF7
0X077,11,1.4345238095238095,#DEEBF7
0X077,12,1.4345238095238095,#DEEBF7
0X077,13,1.4345238095238095,#DEEBF7
0X077,14,1.6011904761904763,#DEEBF7
0X077,15,1.6011904761904763,#DEEBF7
0X077,16,1.767857142857143,#DEEBF7
0X077,17,1.767857142857143,#DEEBF7
0X077,18,1.767857142857143,#DEEBF7
0X077,19,1.967857142857143,#DEEBF7
0X077,20,1.967857142857143,#DEEBF7
0X077,21,1.967857142857143,#DEEBF7
0X077,22,1.967857142857143,#DEEBF7
0X077,23,1.967857142857143,#DEEBF7
0X077,24,1.967857142857143,#DEEBF7
0X078,1,0,#DEEBF7
0X078,2,0,#DEEBF7
0X078,3,0,#DEEBF7
0X078,4,0,#DEEBF7
0X078,5,1,#DEEBF7
0X078,6,1,#DEEBF7
0X078,7,1,#DEEBF7
0X078,8,1,#DEEBF7
0X078,9,1,#DEEBF7
0X078,10,1,#DEEBF7
0X078,11,1,#DEEBF7
0X078,12,1,#DEEBF7
0X078,13,1,#DEEBF7
0X078,14,1,#DEEBF7
0X078,15,1,#DEEBF7
0X078,16,1,#DEEBF7
0X078,17,1,#DEEBF7
0X078,18,1,#DEEBF7
0X078,19,1,#DEEBF7
0X078,20,1,#DEEBF7
0X078,21,1,#DEEBF7
0X078,22,1,#DEEBF7
0X079,1,0,#DEEBF7
0X079,2,0,#DEEBF7
0X079,3,0,#DEEBF7
0X079,4,0,#DEEBF7
0X079,5,0,#DEEBF7
0X079,6,0,#DEEBF7
0X079,7,0,#DEEBF7
0X079,8,0,#DEEBF7
0X079,9,0.33333333333333337,#DEEBF7
0X079,10,0.33333333333333337,#DEEBF7
0X079,11,0.33333333333333337,#DEEBF7
0X079,12,0.33333333333333337,#DEEBF7
0X079,13,0.33333333333333337,#DEEBF7
0X079,14,0.33333333333333337,#DEEBF7
0X079,15,0.33333333333333337,#DEEBF7
0X079,16,0.33333333333333337,#DEEBF7
0X079,17,0.33333333333333337,#DEEBF7
0X079,18,0.33333333333333337,#DEEBF7
0X079,19,0.33333333333333337,#DEEBF7
0X079,20,0.6666666666666667,#DEEBF7
0X079,21,0.6666666666666667,#DEEBF7
0X081,1,0,#DEEBF7
0X081,2,0,#DEEBF7
0X081,3,0.5,#DEEBF7
0X081,4,0.5,#DEEBF7
0X081,5,0.5,#DEEBF7
0X081,6,0.5,#DEEBF7
0X081,7,0.5,#DEEBF7
0X081,8,0.5,#DEEBF7
0X081,9,0.75,#DEEBF7
0X081,10,0.75,#DEEBF7
0X081,11,0.75,#DEEBF7
0X081,12,1.25,#DEEBF7
0X081,13,1.25,#DEEBF7
0X081,14,1.25,#DEEBF7
0X081,15,1.25,#DEEBF7
0X081,16,1.25,#DEEBF7
0X081,17,1.25,#DEEBF7
0X081,18,1.25,#DEEBF7
0X081,19,1.25,#DEEBF7
0X081,20,1.25,#DEEBF7
0X081,21,2.25,#DEEBF7
0X081,22,2.25,#DEEBF7
0X082,1,0,#DEEBF7
0X082,2,0,#DEEBF7
0X082,3,0.375,#DEEBF7
0X082,4,0.75,#DEEBF7
0X082,5,0.875,#DEEBF7
0X082,6,1,#DEEBF7
0X082,7,1,#DEEBF7
0X082,8,1,#DEEBF7
0X082,9,1,#DEEBF7
0X082,10,1.125,#DEEBF7
0X082,11,1.125,#DEEBF7
0X082,12,1.125,#DEEBF7
0X082,13,1.125,#DEEBF7
0X082,14,1.125,#DEEBF7
0X082,15,1.125,#DEEBF7
0X082,16,1.125,#DEEBF7
0X082,17,1.2678571428571428,#DEEBF7
0X082,18,1.2678571428571428,#DEEBF7
0X082,19,1.2678571428571428,#DEEBF7
0X082,20,1.2678571428571428,#DEEBF7
0X082,21,1.7678571428571428,#DEEBF7
0X082,22,1.9678571428571427,#DEEBF7
0X082,23,1.9678571428571427,#DEEBF7
0X082,24,1.9678571428571427,#DEEBF7
0X082,25,1.9678571428571427,#DEEBF7
0X083,1,0,#DEEBF7
0X083,2,0,#DEEBF7
0X083,3,0.2,#DEEBF7
0X083,4,0.4,#DEEBF7
0X083,5,0.4,#DEEBF7
0X083,6,0.6000000000000001,#DEEBF7
0X083,7,0.7000000000000001,#DEEBF7
0X083,8,0.8,#DEEBF7
0X083,9,1,#DEEBF7
0X083,10,1,#DEEBF7
0X083,11,1.2,#DEEBF7
0X083,12,1.2,#DEEBF7
0X083,13,1.2,#DEEBF7
0X083,14,1.3,#DEEBF7
0X083,15,1.4000000000000001,#DEEBF7
0X083,16,1.5000000000000002,#DEEBF7
0X083,17,2,#DEEBF7
0X083,18,2.4,#DEEBF7
0X083,19,2.5,#DEEBF7
0X083,20,2.6,#DEEBF7
0X083,21,2.9333333333333336,#DEEBF7
0X083,22,3.1833333333333336,#DEEBF7
0X083,23,4.183333333333334,#DEEBF7
0X083,24,4.683333333333334,#DEEBF7
0X084,1,0,#DEEBF7
0X084,2,0,#DEEBF7
0X084,3,0,#DEEBF7
0X084,4,0,#DEEBF7
0X084,5,0,#DEEBF7
0X084,6,0,#DEEBF7
0X084,7,0,#DEEBF7
0X084,8,0.5,#DEEBF7
0X084,9,0.5,#DEEBF7
0X084,10,0.5,#DEEBF7
0X084,11,0.5,#DEEBF7
0X084,12,0.5,#DEEBF7
0X084,13,0.5,#DEEBF7
0X084,14,0.5,#DEEBF7
0X084,15,0.5,#DEEBF7
0X084,16,0.5,#DEEBF7
0X084,17,0.5,#DEEBF7
0X084,18,0.5,#DEEBF7
0X084,19,0.5,#DEEBF7
0X084,20,1.5,#DEEBF7
0X084,21,1.5,#DEEBF7
0X084,22,1.5,#DEEBF7
0X084,23,1.5,#DEEBF7
0X084,24,2.5,#DEEBF7
0X085,1,0,#DEEBF7
0X085,2,0,#DEEBF7
0X085,3,1,#DEEBF7
0X085,4,1,#DEEBF7
0X085,5,1,#DEEBF7
0X085,6,1,#DEEBF7
0X085,7,1,#DEEBF7
0X085,8,1,#DEEBF7
0X085,9,1,#DEEBF7
0X085,10,1,#DEEBF7
0X085,11,1,#DEEBF7
0X085,12,1,#DEEBF7
0X085,13,1,#DEEBF7
0X085,14,1,#DEEBF7
0X085,15,1,#DEEBF7
0X085,16,1,#DEEBF7
0X085,17,1,#DEEBF7
0X085,18,1,#DEEBF7
0X085,19,1,#DEEBF7
0X085,20,2,#DEEBF7
0X085,21,3,#DEEBF7
0X085,22,5,#DEEBF7
0X085,23,5,#DEEBF7
0X086,1,0,#DEEBF7
0X086,2,0.14285714285714288,#DEEBF7
0X086,3,0.5714285714285714,#DEEBF7
0X086,4,1.2857142857142856,#DEEBF7
0X086,5,1.2857142857142856,#DEEBF7
0X086,6,2,#DEEBF7
0X086,7,2.2857142857142856,#DEEBF7
0X086,8,2.2857142857142856,#DEEBF7
0X086,9,2.4285714285714284,#DEEBF7
0X086,10,2.4285714285714284,#DEEBF7
0X086,11,2.8571428571428568,#DEEBF7
0X086,12,2.8571428571428568,#DEEBF7
0X086,13,2.9999999999999996,#DEEBF7
0X086,14,3.1428571428571423,#DEEBF7
0X086,15,3.285714285714285,#DEEBF7
0X086,16,3.285714285714285,#DEEBF7
0X086,17,3.285714285714285,#DEEBF7
0X086,18,3.285714285714285,#DEEBF7
0X086,19,3.285714285714285,#DEEBF7
0X086,20,3.285714285714285,#DEEBF7
0X086,21,3.285714285714285,#DEEBF7
0X086,22,3.285714285714285,#DEEBF7
0X086,23,3.285714285714285,#DEEBF7
0X086,24,3.285714285714285,#DEEBF7
0X086,25,3.285714285714285,#DEEBF7
0X086,26,3.285714285714285,#DEEBF7
0X086,27,3.285714285714285,#DEEBF7
0X087,1,0,#DEEBF7
0X087,2,0.18518518518518523,#DEEBF7
0X087,3,0.5555555555555557,#DEEBF7
0X087,4,0.814814814814815,#DEEBF7
0X087,5,0.9629629629629631,#DEEBF7
0X087,6,1.2592592592592595,#DEEBF7
0X087,7,1.4814814814814818,#DEEBF7
0X087,8,1.592592592592593,#DEEBF7
0X087,9,1.7407407407407411,#DEEBF7
0X087,10,1.8888888888888893,#DEEBF7
0X087,11,2.0000000000000004,#DEEBF7
0X087,12,2.2307692307692313,#DEEBF7
0X087,13,2.4307692307692315,#DEEBF7
0X087,14,2.6307692307692316,#DEEBF7
0X087,15,2.6707692307692317,#DEEBF7
0X087,16,2.870769230769232,#DEEBF7
0X087,17,3.070769230769232,#DEEBF7
0X087,18,3.310769230769232,#DEEBF7
0X087,19,3.470769230769232,#DEEBF7
0X087,20,3.731638795986623,#DEEBF7
0X087,21,3.9134569778048047,#DEEBF7
0X087,22,4.213456977804805,#DEEBF7
0X087,23,5.013456977804805,#DEEBF7
0X087,24,5.468002432350259,#DEEBF7
0X087,25,5.718002432350259,#DEEBF7
0X087,26,5.718002432350259,#DEEBF7
0X087,27,6.118002432350259,#DEEBF7
0X087,28,6.451335765683592,#DEEBF7
0X087,29,6.451335765683592,#DEEBF7
0X087,30,8.451335765683591,#DEEBF7
0X087,31,8.451335765683591,#DEEBF7
0X087,32,8.451335765683591,#DEEBF7
0X087,33,8.451335765683591,#DEEBF7
0X087,34,8.451335765683591,#DEEBF7
0X089,1,0,#DEEBF7
0X089,2,0,#DEEBF7
0X089,3,0,#DEEBF7
0X089,4,0,#DEEBF7
0X089,5,0,#DEEBF7
0X089,6,0,#DEEBF7
0X089,7,0,#DEEBF7
0X089,8,0,#DEEBF7
0X089,9,0,#DEEBF7
0X089,10,0,#DEEBF7
0X089,11,0,#DEEBF7
0X089,12,0,#DEEBF7
0X089,13,0.5,#DEEBF7
0X089,14,0.5,#DEEBF7
0X089,15,1,#DEEBF7
0X089,16,1,#DEEBF7
0X089,17,1,#DEEBF7
0X089,18,1,#DEEBF7
0X089,19,1,#DEEBF7
0X089,20,1.5,#DEEBF7
0X089,21,1.5,#DEEBF7
0X089,22,1.5,#DEEBF7
0X089,23,1.5,#DEEBF7
0X089,24,1.5,#DEEBF7
0X091,1,0,#DEEBF7
0X091,2,0.15000000000000002,#DEEBF7
0X091,3,0.25000000000000006,#DEEBF7
0X091,4,0.55,#DEEBF7
0X091,5,0.7605263157894737,#DEEBF7
0X091,6,0.8131578947368422,#DEEBF7
0X091,7,0.918421052631579,#DEEBF7
0X091,8,1.1289473684210527,#DEEBF7
0X091,9,1.2342105263157896,#DEEBF7
0X091,10,1.286842105263158,#DEEBF7
0X091,11,1.4447368421052633,#DEEBF7
0X091,12,1.5500000000000003,#DEEBF7
0X091,13,1.5500000000000003,#DEEBF7
0X091,14,1.6026315789473686,#DEEBF7
0X091,15,1.655263157894737,#DEEBF7
0X091,16,1.8657894736842107,#DEEBF7
0X091,17,1.9710526315789476,#DEEBF7
0X091,18,2.392105263157895,#DEEBF7
0X091,19,2.760526315789474,#DEEBF7
0X091,20,2.865789473684211,#DEEBF7
0X091,21,2.928289473684211,#DEEBF7
0X091,22,3.1425751879699253,#DEEBF7
0X091,23,3.1425751879699253,#DEEBF7
0X091,24,3.2675751879699253,#DEEBF7
0X091,25,3.410432330827068,#DEEBF7
0X091,26,3.410432330827068,#DEEBF7
0X091,27,3.410432330827068,#DEEBF7
0X091,28,3.410432330827068,#DEEBF7
0X092,1,0,#DEEBF7
0X092,2,0,#DEEBF7
0X092,3,0,#DEEBF7
0X092,4,0,#DEEBF7
0X092,5,0,#DEEBF7
0X092,6,0,#DEEBF7
0X092,7,0,#DEEBF7
0X092,8,0,#DEEBF7
0X092,9,0,#DEEBF7
0X092,10,0,#DEEBF7
0X092,11,0,#DEEBF7
0X092,12,0,#DEEBF7
0X092,13,0,#DEEBF7
0X092,14,0,#DEEBF7
0X092,15,0,#DEEBF7
0X092,16,0,#DEEBF7
0X092,17,0,#DEEBF7
0X092,18,0,#DEEBF7
0X092,19,0,#DEEBF7
0X092,20,0,#DEEBF7
0X092,21,0,#DEEBF7
0X092,22,0,#DEEBF7
0X092,23,0,#DEEBF7
0X093,1,0,#DEEBF7
0X093,2,0.2857142857142858,#DEEBF7
0X093,3,0.5000000000000001,#DEEBF7
0X093,4,0.6785714285714287,#DEEBF7
0X093,5,0.9285714285714287,#DEEBF7
0X093,6,1.1785714285714288,#DEEBF7
0X093,7,1.3571428571428574,#DEEBF7
0X093,8,1.6428571428571432,#DEEBF7
0X093,9,1.785714285714286,#DEEBF7
0X093,10,2.0000000000000004,#DEEBF7
0X093,11,2.1428571428571432,#DEEBF7
0X093,12,2.3214285714285716,#DEEBF7
0X093,13,2.4642857142857144,#DEEBF7
0X093,14,2.5714285714285716,#DEEBF7
0X093,15,2.678571428571429,#DEEBF7
0X093,16,2.857142857142857,#DEEBF7
0X093,17,2.928571428571429,#DEEBF7
0X093,18,3.178571428571429,#DEEBF7
0X093,19,3.357142857142857,#DEEBF7
0X093,20,3.5,#DEEBF7
0X093,21,3.66,#DEEBF7
0X093,22,3.7963636363636364,#DEEBF7
0X093,23,4.018585858585858,#DEEBF7
0X093,24,4.331085858585858,#DEEBF7
0X093,25,4.414419191919191,#DEEBF7
0X093,26,4.525530303030302,#DEEBF7
0X093,27,4.525530303030302,#DEEBF7
0X093,28,4.692196969696969,#DEEBF7
0X093,29,4.692196969696969,#DEEBF7
0X093,30,4.692196969696969,#DEEBF7
0X093,31,4.692196969696969,#DEEBF7
0X093,32,5.025530303030302,#DEEBF7
0X093,33,5.025530303030302,#DEEBF7
0X093,34,5.025530303030302,#DEEBF7
0X093,35,5.525530303030302,#DEEBF7
0X093,36,5.525530303030302,#DEEBF7
0X094,1,0,#DEEBF7
0X094,2,0,#DEEBF7
0X094,3,0.2,#DEEBF7
0X094,4,0.2,#DEEBF7
0X094,5,0.2,#DEEBF7
0X094,6,0.4,#DEEBF7
0X094,7,0.6000000000000001,#DEEBF7
0X094,8,0.6000000000000001,#DEEBF7
0X094,9,0.8,#DEEBF7
0X094,10,0.8,#DEEBF7
0X094,11,0.8,#DEEBF7
0X094,12,1.2,#DEEBF7
0X094,13,1.6,#DEEBF7
0X094,14,1.8,#DEEBF7
0X094,15,2.2,#DEEBF7
0X094,16,2.2,#DEEBF7
0X094,17,2.6,#DEEBF7
0X094,18,2.8000000000000003,#DEEBF7
0X094,19,3.0000000000000004,#DEEBF7
0X094,20,3.2000000000000006,#DEEBF7
0X094,21,3.2000000000000006,#DEEBF7
0X094,22,3.2000000000000006,#DEEBF7
0X095,1,0,#DEEBF7
0X095,2,0,#DEEBF7
0X095,3,0.25,#DEEBF7
0X095,4,0.25,#DEEBF7
0X095,5,0.25,#DEEBF7
0X095,6,0.75,#DEEBF7
0X095,7,0.75,#DEEBF7
0X095,8,1,#DEEBF7
0X095,9,1,#DEEBF7
0X095,10,1.5,#DEEBF7
0X095,11,1.5,#DEEBF7
0X095,12,1.5,#DEEBF7
0X095,13,1.5,#DEEBF7
0X095,14,1.75,#DEEBF7
0X095,15,2,#DEEBF7
0X095,16,2,#DEEBF7
0X095,17,2,#DEEBF7
0X095,18,2.25,#DEEBF7
0X095,19,2.25,#DEEBF7
0X095,20,2.5,#DEEBF7
0X095,21,2.5,#DEEBF7
0X096,1,0,#DEEBF7
0X096,2,0,#DEEBF7
0X096,3,0,#DEEBF7
0X096,4,0.14285714285714288,#DEEBF7
0X096,5,0.14285714285714288,#DEEBF7
0X096,6,0.14285714285714288,#DEEBF7
0X096,7,0.28571428571428575,#DEEBF7
0X096,8,0.7142857142857143,#DEEBF7
0X096,9,0.7142857142857143,#DEEBF7
0X096,10,0.8571428571428572,#DEEBF7
0X096,11,0.8571428571428572,#DEEBF7
0X096,12,1.1428571428571428,#DEEBF7
0X096,13,1.1428571428571428,#DEEBF7
0X096,14,1.5714285714285714,#DEEBF7
0X096,15,1.7142857142857142,#DEEBF7
0X096,16,2,#DEEBF7
0X096,17,2,#DEEBF7
0X096,18,2.2857142857142856,#DEEBF7
0X096,19,2.8571428571428568,#DEEBF7
0X096,20,2.8571428571428568,#DEEBF7
0X096,21,3.1428571428571423,#DEEBF7
0X096,22,3.3428571428571425,#DEEBF7
0X096,23,5.3428571428571425,#DEEBF7
0X097,1,0,#DEEBF7
0X097,2,0.8,#DEEBF7
0X097,3,1.8,#DEEBF7
0X097,4,2,#DEEBF7
0X097,5,2.6,#DEEBF7
0X097,6,2.8000000000000003,#DEEBF7
0X097,7,2.8000000000000003,#DEEBF7
0X097,8,2.8000000000000003,#DEEBF7
0X097,9,3.4000000000000004,#DEEBF7
0X097,10,3.6000000000000005,#DEEBF7
0X097,11,4.4,#DEEBF7
0X097,12,5,#DEEBF7
0X097,13,5.4,#DEEBF7
0X097,14,5.4,#DEEBF7
0X097,15,5.4,#DEEBF7
0X097,16,5.6000000000000005,#DEEBF7
0X097,17,5.800000000000001,#DEEBF7
0X097,18,6.000000000000001,#DEEBF7
0X097,19,6.200000000000001,#DEEBF7
0X097,20,6.400000000000001,#DEEBF7
0X097,21,6.600000000000001,#DEEBF7
0X097,22,6.9333333333333345,#DEEBF7
0X097,23,7.2666666666666675,#DEEBF7
0X097,24,7.2666666666666675,#DEEBF7
0X097,25,7.2666666666666675,#DEEBF7
0X098,1,0,#DEEBF7
0X098,2,0,#DEEBF7
0X098,3,0,#DEEBF7
0X098,4,0,#DEEBF7
0X098,5,0,#DEEBF7
0X098,6,1,#DEEBF7
0X098,7,1,#DEEBF7
0X098,8,1,#DEEBF7
0X098,9,1.5,#DEEBF7
0X098,10,1.5,#DEEBF7
0X098,11,1.5,#DEEBF7
0X098,12,1.5,#DEEBF7
0X098,13,1.5,#DEEBF7
0X098,14,1.5,#DEEBF7
0X098,15,1.5,#DEEBF7
0X098,16,1.5,#DEEBF7
0X098,17,1.5,#DEEBF7
0X098,18,1.5,#DEEBF7
0X098,19,1.5,#DEEBF7
0X098,20,1.5,#DEEBF7
0X098,21,1.5,#DEEBF7
0X098,22,1.5,#DEEBF7
0X098,23,1.5,#DEEBF7
0X099,1,0,#DEEBF7
0X099,2,0,#DEEBF7
0X099,3,1,#DEEBF7
0X099,4,1,#DEEBF7
0X099,5,1,#DEEBF7
0X099,6,1,#DEEBF7
0X099,7,1,#DEEBF7
0X099,8,2,#DEEBF7
0X099,9,2,#DEEBF7
0X099,10,2,#DEEBF7
0X099,11,2,#DEEBF7
0X099,12,2,#DEEBF7
0X099,13,2,#DEEBF7
0X099,14,2,#DEEBF7
0X099,15,2,#DEEBF7
0X099,16,2,#DEEBF7
0X099,17,2,#DEEBF7
0X099,18,2,#DEEBF7
0X099,19,2,#DEEBF7
0X099,20,2,#DEEBF7
0X099,21,2,#DEEBF7
0X101,1,0,#DEEBF7
0X101,2,0,#DEEBF7
0X101,3,0,#DEEBF7
0X101,4,0,#DEEBF7
0X101,5,0,#DEEBF7
0X101,6,0,#DEEBF7
0X101,7,0,#DEEBF7
0X101,8,0,#DEEBF7
0X101,9,0,#DEEBF7
0X101,10,0,#DEEBF7
0X101,11,0,#DEEBF7
0X101,12,0,#DEEBF7
0X101,13,0,#DEEBF7
0X101,14,0,#DEEBF7
0X101,15,0,#DEEBF7
0X101,16,0,#DEEBF7
0X101,17,1,#DEEBF7
0X101,18,1,#DEEBF7
0X101,19,2,#DEEBF7
0X101,20,2,#DEEBF7
0X101,21,2,#DEEBF7
0X101,22,2,#DEEBF7
0X101,23,2,#DEEBF7
0X102,1,0,#DEEBF7
0X102,2,0,#DEEBF7
0X102,3,0.6,#DEEBF7
0X102,4,0.75,#DEEBF7
0X102,5,0.85,#DEEBF7
0X102,6,0.9026315789473685,#DEEBF7
0X102,7,1.1131578947368421,#DEEBF7
0X102,8,1.3236842105263158,#DEEBF7
0X102,9,1.481578947368421,#DEEBF7
0X102,10,1.5342105263157895,#DEEBF7
0X102,11,1.6394736842105262,#DEEBF7
0X102,12,1.9552631578947368,#DEEBF7
0X102,13,1.9552631578947368,#DEEBF7
0X102,14,2.0605263157894735,#DEEBF7
0X102,15,2.218421052631579,#DEEBF7
0X102,16,2.5868421052631576,#DEEBF7
0X102,17,2.744736842105263,#DEEBF7
0X102,18,2.9669590643274852,#DEEBF7
0X102,19,3.0257825937392497,#DEEBF7
0X102,20,3.319900240798073,#DEEBF7
0X102,21,3.38656690746474,#DEEBF7
0X102,22,3.5294240503218828,#DEEBF7
0X102,23,3.743709764607597,#DEEBF7
0X102,24,4.160376431274264,#DEEBF7
0X102,25,4.410376431274264,#DEEBF7
0X102,26,4.410376431274264,#DEEBF7
0X102,27,4.660376431274264,#DEEBF7
0X102,28,4.660376431274264,#DEEBF7
0X102,29,4.660376431274264,#DEEBF7
0X102,30,4.660376431274264,#DEEBF7
0X102,31,4.660376431274264,#DEEBF7
0X102,32,6.660376431274264,#DEEBF7
0X103,1,0,#DEEBF7
0X103,2,0,#DEEBF7
0X103,3,0,#DEEBF7
0X103,4,0,#DEEBF7
0X103,5,0.2,#DEEBF7
0X103,6,0.2,#DEEBF7
0X103,7,2.4000000000000004,#DEEBF7
0X103,8,2.4000000000000004,#DEEBF7
0X103,9,2.4000000000000004,#DEEBF7
0X103,10,2.4000000000000004,#DEEBF7
0X103,11,2.4000000000000004,#DEEBF7
0X103,12,2.4000000000000004,#DEEBF7
0X103,13,2.4000000000000004,#DEEBF7
0X103,14,2.4000000000000004,#DEEBF7
0X103,15,2.4000000000000004,#DEEBF7
0X103,16,2.4000000000000004,#DEEBF7
0X103,17,2.4000000000000004,#DEEBF7
0X103,18,2.4000000000000004,#DEEBF7
0X103,19,2.4000000000000004,#DEEBF7
0X103,20,2.733333333333334,#DEEBF7
0X103,21,2.733333333333334,#DEEBF7
0X103,22,2.733333333333334,#DEEBF7
0X103,23,2.733333333333334,#DEEBF7
0X103,24,2.733333333333334,#DEEBF7
0X103,25,2.733333333333334,#DEEBF7
0X104,1,0,#DEEBF7
0X104,2,0.33333333333333337,#DEEBF7
0X104,3,0.9166666666666666,#DEEBF7
0X104,4,1.0833333333333333,#DEEBF7
0X104,5,1.1666666666666665,#DEEBF7
0X104,6,1.2575757575757573,#DEEBF7
0X104,7,1.439393939393939,#DEEBF7
0X104,8,1.7121212121212117,#DEEBF7
0X104,9,1.8939393939393936,#DEEBF7
0X104,10,1.9848484848484844,#DEEBF7
0X104,11,1.9848484848484844,#DEEBF7
0X104,12,2.0757575757575752,#DEEBF7
0X104,13,2.257575757575757,#DEEBF7
0X104,14,2.4393939393939386,#DEEBF7
0X104,15,2.5303030303030294,#DEEBF7
0X104,16,2.712121212121211,#DEEBF7
0X104,17,2.8939393939393927,#DEEBF7
0X104,18,2.8939393939393927,#DEEBF7
0X104,19,3.3484848484848473,#DEEBF7
0X104,20,3.3484848484848473,#DEEBF7
0X104,21,3.3484848484848473,#DEEBF7
0X104,22,3.4734848484848473,#DEEBF7
0X104,23,3.4734848484848473,#DEEBF7
0X104,24,3.61634199134199,#DEEBF7
0X104,25,3.61634199134199,#DEEBF7
0X104,26,3.61634199134199,#DEEBF7
0X104,27,3.61634199134199,#DEEBF7
0X104,28,3.61634199134199,#DEEBF7
0X105,1,0,#DEEBF7
0X105,2,0.6666666666666666,#DEEBF7
0X105,3,2.333333333333333,#DEEBF7
0X105,4,2.333333333333333,#DEEBF7
0X105,5,2.333333333333333,#DEEBF7
0X105,6,2.333333333333333,#DEEBF7
0X105,7,2.333333333333333,#DEEBF7
0X105,8,2.333333333333333,#DEEBF7
0X105,9,2.9999999999999996,#DEEBF7
0X105,10,3.333333333333333,#DEEBF7
0X105,11,3.333333333333333,#DEEBF7
0X105,12,3.333333333333333,#DEEBF7
0X105,13,3.333333333333333,#DEEBF7
0X105,14,3.333333333333333,#DEEBF7
0X105,15,3.333333333333333,#DEEBF7
0X105,16,3.333333333333333,#DEEBF7
0X105,17,4.333333333333333,#DEEBF7
0X105,18,4.833333333333333,#DEEBF7
0X105,19,5.833333333333333,#DEEBF7
0X105,20,6.333333333333333,#DEEBF7
0X105,21,6.333333333333333,#DEEBF7
0X107,1,0,#DEEBF7
0X107,2,0,#DEEBF7
0X107,3,0,#DEEBF7
0X107,4,0.4,#DEEBF7
0X107,5,0.6000000000000001,#DEEBF7
0X107,6,0.8,#DEEBF7
0X107,7,0.8,#DEEBF7
0X107,8,0.8,#DEEBF7
0X107,9,0.8,#DEEBF7
0X107,10,0.8,#DEEBF7
0X107,11,1,#DEEBF7
0X107,12,1.2,#DEEBF7
0X107,13,1.2,#DEEBF7
0X107,14,1.2,#DEEBF7
0X107,15,1.2,#DEEBF7
0X107,16,1.2,#DEEBF7
0X107,17,1.2,#DEEBF7
0X107,18,1.4,#DEEBF7
0X107,19,1.4,#DEEBF7
0X107,20,1.4,#DEEBF7
0X107,21,1.4,#DEEBF7
0X107,22,1.4,#DEEBF7
0X107,23,1.7333333333333334,#DEEBF7
0X107,24,1.7333333333333334,#DEEBF7
0X107,25,1.7333333333333334,#DEEBF7
0X108,1,0,#DEEBF7
0X108,2,0,#DEEBF7
0X108,3,0,#DEEBF7
0X108,4,0,#DEEBF7
0X108,5,0,#DEEBF7
0X108,6,0.25,#DEEBF7
0X108,7,0.25,#DEEBF7
0X108,8,0.25,#DEEBF7
0X108,9,0.25,#DEEBF7
0X108,10,0.25,#DEEBF7
0X108,11,0.75,#DEEBF7
0X108,12,0.75,#DEEBF7
0X108,13,1.5,#DEEBF7
0X108,14,1.5,#DEEBF7
0X108,15,1.5,#DEEBF7
0X108,16,1.5,#DEEBF7
0X108,17,1.5,#DEEBF7
0X108,18,2.25,#DEEBF7
0X108,19,2.25,#DEEBF7
0X108,20,2.75,#DEEBF7
0X108,21,3,#DEEBF7
0X108,22,3.3333333333333335,#DEEBF7
0X108,23,6.333333333333334,#DEEBF7
0X109,1,0,#DEEBF7
0X109,2,1,#DEEBF7
0X109,3,1,#DEEBF7
0X109,4,1,#DEEBF7
0X109,5,2,#DEEBF7
0X109,6,2,#DEEBF7
0X109,7,2,#DEEBF7
0X109,8,2,#DEEBF7
0X109,9,2,#DEEBF7
0X109,10,3,#DEEBF7
0X109,11,3,#DEEBF7
0X109,12,3,#DEEBF7
0X109,13,3,#DEEBF7
0X109,14,3,#DEEBF7
0X109,15,3,#DEEBF7
0X109,16,3,#DEEBF7
0X109,17,3,#DEEBF7
0X109,18,3,#DEEBF7
0X109,19,3,#DEEBF7
0X109,20,3,#DEEBF7
0X109,21,3,#DEEBF7
0X109,22,3,#DEEBF7
0X109,23,3,#DEEBF7
0X109,24,3,#DEEBF7
0X109,25,4,#DEEBF7
0X109,26,4,#DEEBF7
0X109,27,4,#DEEBF7
0X109,28,4,#DEEBF7
0X109,29,9,#DEEBF7
0X109,30,9,#DEEBF7
0X109,31,11,#DEEBF7
0X109,32,11,#DEEBF7
0X109,33,11,#DEEBF7
0X110,1,0,#DEEBF7
0X110,2,0.5,#DEEBF7
0X110,3,0.5,#DEEBF7
0X110,4,2,#DEEBF7
0X110,5,2.5,#DEEBF7
0X110,6,3,#DEEBF7
0X110,7,3.5,#DEEBF7
0X110,8,4,#DEEBF7
0X110,9,4,#DEEBF7
0X110,10,4,#DEEBF7
0X110,11,4,#DEEBF7
0X110,12,4,#DEEBF7
0X110,13,4.5,#DEEBF7
0X110,14,4.5,#DEEBF7
0X110,15,4.5,#DEEBF7
0X110,16,4.5,#DEEBF7
0X110,17,4.5,#DEEBF7
0X110,18,4.5,#DEEBF7
0X110,19,4.5,#DEEBF7
0X110,20,4.5,#DEEBF7
0X110,21,5.5,#DEEBF7
0X110,22,6.5,#DEEBF7
0X110,23,6.5,#DEEBF7
0X110,24,6.5,#DEEBF7
0X113,1,0,#DEEBF7
0X113,2,0,#DEEBF7
0X113,3,0.5,#DEEBF7
0X113,4,0.5,#DEEBF7
0X113,5,0.75,#DEEBF7
0X113,6,1.25,#DEEBF7
0X113,7,1.25,#DEEBF7
0X113,8,1.25,#DEEBF7
0X113,9,1.5,#DEEBF7
0X113,10,1.5,#DEEBF7
0X113,11,1.75,#DEEBF7
0X113,12,2,#DEEBF7
0X113,13,2.5,#DEEBF7
0X113,14,2.5,#DEEBF7
0X113,15,2.5,#DEEBF7
0X113,16,2.5,#DEEBF7
0X113,17,2.5,#DEEBF7
0X113,18,3,#DEEBF7
0X113,19,3.25,#DEEBF7
0X113,20,3.75,#DEEBF7
0X113,21,3.75,#DEEBF7
0X113,22,3.75,#DEEBF7
0X113,23,3.75,#DEEBF7
0X113,24,3.75,#DEEBF7
0X114,1,0,#DEEBF7
0X114,2,0,#DEEBF7
0X114,3,2.5,#DEEBF7
0X114,4,2.5,#DEEBF7
0X114,5,3,#DEEBF7
0X114,6,3,#DEEBF7
0X114,7,4,#DEEBF7
0X114,8,4,#DEEBF7
0X114,9,4,#DEEBF7
0X114,10,4.5,#DEEBF7
0X114,11,4.5,#DEEBF7
0X114,12,4.5,#DEEBF7
0X114,13,5,#DEEBF7
0X114,14,5,#DEEBF7
0X114,15,5,#DEEBF7
0X114,16,5,#DEEBF7
0X114,17,5.5,#DEEBF7
0X114,18,5.5,#DEEBF7
0X114,19,6,#DEEBF7
0X114,20,6,#DEEBF7
0X114,21,6,#DEEBF7
0X114,22,6,#DEEBF7
0X114,23,6,#DEEBF7
0X114,24,6,#DEEBF7
0X114,25,6,#DEEBF7
0X114,26,6,#DEEBF7
0X114,27,6,#DEEBF7
0X115,1,0,#DEEBF7
0X115,2,0,#DEEBF7
0X115,3,0,#DEEBF7
0X115,4,0,#DEEBF7
0X115,5,0,#DEEBF7
0X115,6,0,#DEEBF7
0X115,7,0,#DEEBF7
0X115,8,0,#DEEBF7
0X115,9,0,#DEEBF7
0X115,10,0,#DEEBF7
0X115,11,0,#DEEBF7
0X115,12,0,#DEEBF7
0X115,13,0,#DEEBF7
0X115,14,2,#DEEBF7
0X115,15,2,#DEEBF7
0X115,16,2,#DEEBF7
0X115,17,2,#DEEBF7
0X115,18,2,#DEEBF7
0X115,19,2,#DEEBF7
0X115,20,2,#DEEBF7
0X115,21,2,#DEEBF7
0X115,22,2,#DEEBF7
0X116,1,0,#DEEBF7
0X116,2,0,#DEEBF7
0X116,3,0.14285714285714288,#DEEBF7
0X116,4,0.14285714285714288,#DEEBF7
0X116,5,0.28571428571428575,#DEEBF7
0X116,6,0.28571428571428575,#DEEBF7
0X116,7,0.4285714285714286,#DEEBF7
0X116,8,0.5714285714285715,#DEEBF7
0X116,9,0.5714285714285715,#DEEBF7
0X116,10,0.5714285714285715,#DEEBF7
0X116,11,0.5714285714285715,#DEEBF7
0X116,12,0.5714285714285715,#DEEBF7
0X116,13,0.5714285714285715,#DEEBF7
0X116,14,0.8571428571428572,#DEEBF7
0X116,15,0.8571428571428572,#DEEBF7
0X116,16,0.8571428571428572,#DEEBF7
0X116,17,0.8571428571428572,#DEEBF7
0X116,18,1.023809523809524,#DEEBF7
0X116,19,1.1904761904761907,#DEEBF7
0X116,20,1.1904761904761907,#DEEBF7
0X116,21,1.1904761904761907,#DEEBF7
0X116,22,1.1904761904761907,#DEEBF7
0X117,1,0,#DEEBF7
0X117,2,0,#DEEBF7
0X117,3,0,#DEEBF7
0X117,4,0,#DEEBF7
0X117,5,0,#DEEBF7
0X117,6,0.5,#DEEBF7
0X117,7,1,#DEEBF7
0X117,8,1.5,#DEEBF7
0X117,9,2,#DEEBF7
0X117,10,2,#DEEBF7
0X117,11,3,#DEEBF7
0X117,12,4,#DEEBF7
0X117,13,4,#DEEBF7
0X117,14,5,#DEEBF7
0X117,15,5,#DEEBF7
0X117,16,6,#DEEBF7
0X117,17,7,#DEEBF7
0X117,18,8,#DEEBF7
0X117,19,8,#DEEBF7
0X117,20,8,#DEEBF7
0X117,21,8,#DEEBF7
0X117,22,8,#DEEBF7
0X118,1,0,#DEEBF7
0X118,2,2,#DEEBF7
0X118,3,2,#DEEBF7
0X118,4,3,#DEEBF7
0X118,5,3,#DEEBF7
0X118,6,3.5,#DEEBF7
0X118,7,3.5,#DEEBF7
0X118,8,3.5,#DEEBF7
0X118,9,4,#DEEBF7
0X118,10,4,#DEEBF7
0X118,11,5,#DEEBF7
0X118,12,5.5,#DEEBF7
0X118,13,5.5,#DEEBF7
0X118,14,5.5,#DEEBF7
0X118,15,5.5,#DEEBF7
0X118,16,5.5,#DEEBF7
0X118,17,5.5,#DEEBF7
0X118,18,5.5,#DEEBF7
0X118,19,6.5,#DEEBF7
0X118,20,6.5,#DEEBF7
0X118,21,6.5,#DEEBF7
0X118,22,6.5,#DEEBF7
0X118,23,6.5,#DEEBF7
0X118,24,6.5,#DEEBF7
0X118,25,6.5,#DEEBF7
0X120,1,0,#DEEBF7
0X120,2,0.16666666666666666,#DEEBF7
0X120,3,0.33333333333333337,#DEEBF7
0X120,4,0.33333333333333337,#DEEBF7
0X120,5,0.6666666666666667,#DEEBF7
0X120,6,1.1666666666666667,#DEEBF7
0X120,7,1.3333333333333335,#DEEBF7
0X120,8,1.3333333333333335,#DEEBF7
0X120,9,1.5000000000000002,#DEEBF7
0X120,10,1.5000000000000002,#DEEBF7
0X120,11,1.666666666666667,#DEEBF7
0X120,12,1.8333333333333337,#DEEBF7
0X120,13,1.8333333333333337,#DEEBF7
0X120,14,1.8333333333333337,#DEEBF7
0X120,15,2.0000000000000004,#DEEBF7
0X120,16,2.166666666666667,#DEEBF7
0X120,17,2.5000000000000004,#DEEBF7
0X120,18,2.666666666666667,#DEEBF7
0X120,19,2.8333333333333335,#DEEBF7
0X120,20,3.3333333333333335,#DEEBF7
0X120,21,3.5333333333333337,#DEEBF7
0X121,1,0,#DEEBF7
0X121,2,0,#DEEBF7
0X121,3,0,#DEEBF7
0X121,4,0,#DEEBF7
0X121,5,0,#DEEBF7
0X121,6,0,#DEEBF7
0X121,7,0,#DEEBF7
0X121,8,0,#DEEBF7
0X121,9,0,#DEEBF7
0X121,10,0,#DEEBF7
0X121,11,1,#DEEBF7
0X121,12,1,#DEEBF7
0X121,13,1,#DEEBF7
0X121,14,2,#DEEBF7
0X121,15,2,#DEEBF7
0X121,16,2,#DEEBF7
0X121,17,3,#DEEBF7
0X123,1,0,#DEEBF7
0X123,2,0,#DEEBF7
0X123,3,0.4,#DEEBF7
0X123,4,0.4,#DEEBF7
0X123,5,0.4,#DEEBF7
0X123,6,0.6000000000000001,#DEEBF7
0X123,7,0.8,#DEEBF7
0X123,8,1,#DEEBF7
0X123,9,1.2,#DEEBF7
0X123,10,1.2,#DEEBF7
0X123,11,1.2,#DEEBF7
0X123,12,1.2,#DEEBF7
0X123,13,1.45,#DEEBF7
0X123,14,1.45,#DEEBF7
0X123,15,1.7,#DEEBF7
0X123,16,1.7,#DEEBF7
0X123,17,1.7,#DEEBF7
0X123,18,1.95,#DEEBF7
0X123,19,1.95,#DEEBF7
0X123,20,1.95,#DEEBF7
0X123,21,1.95,#DEEBF7
0X123,22,1.95,#DEEBF7
0X123,23,1.95,#DEEBF7
0X123,24,1.95,#DEEBF7
0X123,25,1.95,#DEEBF7
0X127,1,0,#DEEBF7
0X127,2,0,#DEEBF7
0X127,3,0,#DEEBF7
0X127,4,0,#DEEBF7
0X127,5,0.5,#DEEBF7
0X127,6,0.5,#DEEBF7
0X127,7,0.75,#DEEBF7
0X127,8,1,#DEEBF7
0X127,9,1,#DEEBF7
0X127,10,1,#DEEBF7
0X127,11,1.25,#DEEBF7
0X127,12,1.5,#DEEBF7
0X127,13,1.5,#DEEBF7
0X127,14,1.75,#DEEBF7
0X127,15,1.75,#DEEBF7
0X127,16,1.75,#DEEBF7
0X127,17,1.75,#DEEBF7
0X127,18,1.75,#DEEBF7
0X127,19,1.75,#DEEBF7
0X127,20,1.75,#DEEBF7
0X127,21,2,#DEEBF7
0X127,22,2,#DEEBF7
0X127,23,2,#DEEBF7
0X130,1,0,#DEEBF7
0X130,2,0,#DEEBF7
0X130,3,0.5555555555555556,#DEEBF7
0X130,4,1,#DEEBF7
0X130,5,1.222222222222222,#DEEBF7
0X130,6,1.4444444444444442,#DEEBF7
0X130,7,1.5555555555555554,#DEEBF7
0X130,8,1.6666666666666665,#DEEBF7
0X130,9,1.6666666666666665,#DEEBF7
0X130,10,1.6666666666666665,#DEEBF7
0X130,11,1.6666666666666665,#DEEBF7
0X130,12,1.8888888888888886,#DEEBF7
0X130,13,1.8888888888888886,#DEEBF7
0X130,14,2.5555555555555554,#DEEBF7
0X130,15,2.6666666666666665,#DEEBF7
0X130,16,2.888888888888889,#DEEBF7
0X130,17,2.888888888888889,#DEEBF7
0X130,18,3.2222222222222223,#DEEBF7
0X130,19,3.666666666666667,#DEEBF7
0X130,20,3.666666666666667,#DEEBF7
0X130,21,3.791666666666667,#DEEBF7
0X130,22,3.791666666666667,#DEEBF7
0X130,23,3.791666666666667,#DEEBF7
0X130,24,3.991666666666667,#DEEBF7
0X130,25,3.991666666666667,#DEEBF7
0X130,26,3.991666666666667,#DEEBF7
0X130,27,3.991666666666667,#DEEBF7
0X130,28,3.991666666666667,#DEEBF7
0X130,29,3.991666666666667,#DEEBF7
0X130,30,3.991666666666667,#DEEBF7
0X131,1,0,#DEEBF7
0X131,2,0,#DEEBF7
0X131,3,0,#DEEBF7
0X131,4,1,#DEEBF7
0X131,5,1,#DEEBF7
0X131,6,1,#DEEBF7
0X131,7,2,#DEEBF7
0X131,8,4,#DEEBF7
0X131,9,4,#DEEBF7
0X131,10,4,#DEEBF7
0X131,11,4,#DEEBF7
0X131,12,4,#DEEBF7
0X131,13,4,#DEEBF7
0X131,14,4,#DEEBF7
0X131,15,4,#DEEBF7
0X131,16,4,#DEEBF7
0X133,1,0,#DEEBF7
0X133,2,0,#DEEBF7
0X133,3,0,#DEEBF7
0X133,4,0,#DEEBF7
0X133,5,0,#DEEBF7
0X133,6,0,#DEEBF7
0X133,7,0,#DEEBF7
0X133,8,1,#DEEBF7
0X133,9,1,#DEEBF7
0X133,10,1,#DEEBF7
0X133,11,1,#DEEBF7
0X133,12,1,#DEEBF7
0X133,13,1,#DEEBF7
0X133,14,2,#DEEBF7
0X133,15,2,#DEEBF7
0X133,16,3,#DEEBF7
0X133,17,5,#DEEBF7
0X133,18,5,#DEEBF7
0X133,19,5,#DEEBF7
0X133,20,5,#DEEBF7
0X133,21,6,#DEEBF7
0X133,22,9,#DEEBF7
0X134,1,0,#DEEBF7
0X134,2,1,#DEEBF7
0X134,3,1.5,#DEEBF7
0X134,4,1.5,#DEEBF7
0X134,5,2,#DEEBF7
0X134,6,2,#DEEBF7
0X134,7,2,#DEEBF7
0X134,8,2,#DEEBF7
0X134,9,2,#DEEBF7
0X134,10,2.5,#DEEBF7
0X134,11,2.5,#DEEBF7
0X134,12,3,#DEEBF7
0X134,13,3.5,#DEEBF7
0X134,14,3.5,#DEEBF7
0X134,15,3.5,#DEEBF7
0X134,16,3.5,#DEEBF7
0X134,17,4,#DEEBF7
0X134,18,4.5,#DEEBF7
0X134,19,5,#DEEBF7
0X134,20,5,#DEEBF7
0X134,21,5,#DEEBF7
0X134,22,6,#DEEBF7
0X134,23,6,#DEEBF7
0X135,1,0,#DEEBF7
0X135,2,0,#DEEBF7
0X135,3,0,#DEEBF7
0X135,4,0,#DEEBF7
0X135,5,0.5,#DEEBF7
0X135,6,0.5,#DEEBF7
0X135,7,0.5,#DEEBF7
0X135,8,1,#DEEBF7
0X135,9,1.5,#DEEBF7
0X135,10,1.5,#DEEBF7
0X135,11,2,#DEEBF7
0X135,12,2.5,#DEEBF7
0X135,13,3,#DEEBF7
0X135,14,3,#DEEBF7
0X135,15,4,#DEEBF7
0X135,16,5,#DEEBF7
0X135,17,5.5,#DEEBF7
0X135,18,5.5,#DEEBF7
0X135,19,6,#DEEBF7
0X135,20,6,#DEEBF7
0X136,1,0,#DEEBF7
0X136,2,0,#DEEBF7
0X136,3,0,#DEEBF7
0X136,4,1,#DEEBF7
0X136,5,1,#DEEBF7
0X136,6,2,#DEEBF7
0X136,7,2,#DEEBF7
0X136,8,2,#DEEBF7
0X136,9,2,#DEEBF7
0X136,10,2,#DEEBF7
0X136,11,2,#DEEBF7
0X136,12,2,#DEEBF7
0X136,13,2,#DEEBF7
0X136,14,2,#DEEBF7
0X136,15,2,#DEEBF7
0X136,16,2,#DEEBF7
0X136,17,2,#DEEBF7
0X136,18,2,#DEEBF7
0X136,19,2,#DEEBF7
0X136,20,2,#DEEBF7
0X136,21,2,#DEEBF7
0X137,1,0,#DEEBF7
0X137,2,0,#DEEBF7
0X137,3,0,#DEEBF7
0X137,4,0.16666666666666669,#DEEBF7
0X137,5,0.16666666666666669,#DEEBF7
0X137,6,0.16666666666666669,#DEEBF7
0X137,7,0.16666666666666669,#DEEBF7
0X137,8,0.33333333333333337,#DEEBF7
0X137,9,0.5,#DEEBF7
0X137,10,0.5,#DEEBF7
0X137,11,0.6666666666666666,#DEEBF7
0X137,12,0.6666666666666666,#DEEBF7
0X137,13,1.3333333333333335,#DEEBF7
0X137,14,1.3333333333333335,#DEEBF7
0X137,15,1.3333333333333335,#DEEBF7
0X137,16,1.7333333333333334,#DEEBF7
0X137,17,2.1333333333333333,#DEEBF7
0X137,18,2.3333333333333335,#DEEBF7
0X137,19,2.5333333333333337,#DEEBF7
0X137,20,2.7833333333333337,#DEEBF7
0X137,21,2.7833333333333337,#DEEBF7
0X137,22,3.116666666666667,#DEEBF7
0X137,23,3.116666666666667,#DEEBF7
0X137,24,3.116666666666667,#DEEBF7
0X137,25,5.116666666666667,#DEEBF7
0X137,26,5.116666666666667,#DEEBF7
0X138,1,0,#DEEBF7
0X138,2,0,#DEEBF7
0X138,3,0,#DEEBF7
0X138,4,0,#DEEBF7
0X138,5,0,#DEEBF7
0X138,6,0,#DEEBF7
0X138,7,0,#DEEBF7
0X138,8,0.6666666666666667,#DEEBF7
0X138,9,0.6666666666666667,#DEEBF7
0X138,10,0.6666666666666667,#DEEBF7
0X138,11,0.6666666666666667,#DEEBF7
0X138,12,0.6666666666666667,#DEEBF7
0X138,13,0.6666666666666667,#DEEBF7
0X138,14,0.6666666666666667,#DEEBF7
0X138,15,0.6666666666666667,#DEEBF7
0X138,16,0.6666666666666667,#DEEBF7
0X138,17,0.6666666666666667,#DEEBF7
0X138,18,0.6666666666666667,#DEEBF7
0X138,19,0.6666666666666667,#DEEBF7
0X138,20,0.6666666666666667,#DEEBF7
0X138,21,1,#DEEBF7
0X138,22,1,#DEEBF7
0X138,23,1,#DEEBF7
0X138,24,2,#DEEBF7
0X138,25,2,#DEEBF7
0X139,1,0,#DEEBF7
0X139,2,0,#DEEBF7
0X139,3,0,#DEEBF7
0X139,4,0,#DEEBF7
0X139,5,0,#DEEBF7
0X139,6,0,#DEEBF7
0X139,7,0,#DEEBF7
0X139,8,0,#DEEBF7
0X139,9,0.5,#DEEBF7
0X139,10,0.5,#DEEBF7
0X139,11,0.5,#DEEBF7
0X139,12,0.5,#DEEBF7
0X139,13,0.5,#DEEBF7
0X139,14,0.5,#DEEBF7
0X139,15,0.5,#DEEBF7
0X139,16,0.5,#DEEBF7
0X139,17,0.5,#DEEBF7
0X139,18,0.5,#DEEBF7
0X139,19,0.5,#DEEBF7
0X139,20,0.5,#DEEBF7
0X139,21,0.5,#DEEBF7
0X139,22,0.5,#DEEBF7
0X139,23,0.5,#DEEBF7
0X139,24,1.5,#DEEBF7
0X140,1,0.11111111111111109,#DEEBF7
0X140,2,0.11111111111111109,#DEEBF7
0X140,3,0.4444444444444445,#DEEBF7
0X140,4,0.7777777777777779,#DEEBF7
0X140,5,1,#DEEBF7
0X140,6,1.2222222222222223,#DEEBF7
0X140,7,1.4444444444444444,#DEEBF7
0X140,8,1.6666666666666665,#DEEBF7
0X140,9,1.8888888888888888,#DEEBF7
0X140,10,1.8888888888888888,#DEEBF7
0X140,11,1.8888888888888888,#DEEBF7
0X140,12,2.013888888888889,#DEEBF7
0X140,13,2.138888888888889,#DEEBF7
0X140,14,2.638888888888889,#DEEBF7
0X140,15,2.763888888888889,#DEEBF7
0X140,16,2.763888888888889,#DEEBF7
0X140,17,2.763888888888889,#DEEBF7
0X140,18,2.763888888888889,#DEEBF7
0X140,19,2.763888888888889,#DEEBF7
0X140,20,2.888888888888889,#DEEBF7
0X140,21,2.888888888888889,#DEEBF7
0X140,22,2.888888888888889,#DEEBF7
0X140,23,2.888888888888889,#DEEBF7
0X141,1,0,#DEEBF7
0X141,2,0,#DEEBF7
0X141,3,0,#DEEBF7
0X141,4,0,#DEEBF7
0X141,5,1,#DEEBF7
0X141,6,1,#DEEBF7
0X141,7,1,#DEEBF7
0X141,8,1,#DEEBF7
0X141,9,1,#DEEBF7
0X141,10,1,#DEEBF7
0X141,11,1,#DEEBF7
0X141,12,1,#DEEBF7
0X141,13,1,#DEEBF7
0X141,14,1,#DEEBF7
0X141,15,1,#DEEBF7
0X141,16,1,#DEEBF7
0X141,17,1,#DEEBF7
0X141,18,1,#DEEBF7
0X141,19,1,#DEEBF7
0X141,20,1,#DEEBF7
0X141,21,1,#DEEBF7
0X142,1,0,#DEEBF7
0X142,2,0.2,#DEEBF7
0X142,3,0.8,#DEEBF7
0X142,4,1,#DEEBF7
0X142,5,1.2,#DEEBF7
0X142,6,1.4,#DEEBF7
0X142,7,1.4,#DEEBF7
0X142,8,1.5999999999999999,#DEEBF7
0X142,9,2,#DEEBF7
0X142,10,2.4,#DEEBF7
0X142,11,2.8,#DEEBF7
0X142,12,3,#DEEBF7
0X142,13,3.4,#DEEBF7
0X142,14,3.4,#DEEBF7
0X142,15,3.4,#DEEBF7
0X142,16,3.4,#DEEBF7
0X142,17,3.6,#DEEBF7
0X142,18,4,#DEEBF7
0X142,19,4,#DEEBF7
0X142,20,4.4,#DEEBF7
0X142,21,4.800000000000001,#DEEBF7
0X142,22,4.800000000000001,#DEEBF7
0X142,23,4.800000000000001,#DEEBF7
0X142,24,4.800000000000001,#DEEBF7
0X143,1,0,#DEEBF7
0X143,2,0,#DEEBF7
0X143,3,0.375,#DEEBF7
0X143,4,0.5,#DEEBF7
0X143,5,0.625,#DEEBF7
0X143,6,0.625,#DEEBF7
0X143,7,0.875,#DEEBF7
0X143,8,1,#DEEBF7
0X143,9,1.125,#DEEBF7
0X143,10,1.125,#DEEBF7
0X143,11,1.125,#DEEBF7
0X143,12,1.125,#DEEBF7
0X143,13,1.125,#DEEBF7
0X143,14,1.125,#DEEBF7
0X143,15,1.125,#DEEBF7
0X143,16,1.25,#DEEBF7
0X143,17,1.375,#DEEBF7
0X143,18,1.375,#DEEBF7
0X143,19,1.75,#DEEBF7
0X143,20,2.125,#DEEBF7
0X143,21,2.125,#DEEBF7
0X143,22,2.125,#DEEBF7
0X143,23,2.2916666666666665,#DEEBF7
0X143,24,2.2916666666666665,#DEEBF7
0X143,25,2.2916666666666665,#DEEBF7
0X143,26,2.2916666666666665,#DEEBF7
0X144,1,0,#DEEBF7
0X144,2,0,#DEEBF7
0X144,3,0,#DEEBF7
0X144,4,0,#DEEBF7
0X144,5,0,#DEEBF7
0X144,6,0,#DEEBF7
0X144,7,0,#DEEBF7
0X144,8,0,#DEEBF7
0X144,9,0,#DEEBF7
0X144,10,0,#DEEBF7
0X144,11,0,#DEEBF7
0X144,12,2,#DEEBF7
0X144,13,2,#DEEBF7
0X144,14,3,#DEEBF7
0X144,15,3,#DEEBF7
0X144,16,3,#DEEBF7
0X144,17,3,#DEEBF7
0X144,18,3,#DEEBF7
0X144,19,3,#DEEBF7
0X144,20,3,#DEEBF7
0X144,21,3,#DEEBF7
0X144,22,3,#DEEBF7
0X144,23,3,#DEEBF7
0X144,24,3,#DEEBF7
0X144,25,3,#DEEBF7
0X144,26,3,#DEEBF7
0X144,27,3,#DEEBF7
0X147,1,0,#DEEBF7
0X147,2,0.33333333333333337,#DEEBF7
0X147,3,1.6666666666666665,#DEEBF7
0X147,4,2,#DEEBF7
0X147,5,2,#DEEBF7
0X147,6,2,#DEEBF7
0X147,7,2.3333333333333335,#DEEBF7
0X147,8,2.3333333333333335,#DEEBF7
0X147,9,2.3333333333333335,#DEEBF7
0X147,10,2.8333333333333335,#DEEBF7
0X147,11,4.333333333333334,#DEEBF7
0X147,12,4.333333333333334,#DEEBF7
0X147,13,4.333333333333334,#DEEBF7
0X147,14,4.333333333333334,#DEEBF7
0X147,15,4.833333333333334,#DEEBF7
0X147,16,4.833333333333334,#DEEBF7
0X147,17,4.833333333333334,#DEEBF7
0X147,18,4.833333333333334,#DEEBF7
0X147,19,4.833333333333334,#DEEBF7
0X147,20,4.833333333333334,#DEEBF7
0X147,21,4.833333333333334,#DEEBF7
0X147,22,4.833333333333334,#DEEBF7
0X148,1,0,#DEEBF7
0X148,2,0,#DEEBF7
0X148,3,0,#DEEBF7
0X148,4,0,#DEEBF7
0X148,5,0,#DEEBF7
0X148,6,0,#DEEBF7
0X148,7,0,#DEEBF7
0X148,8,0,#DEEBF7
0X148,9,0,#DEEBF7
0X148,10,0,#DEEBF7
0X148,11,0,#DEEBF7
0X148,12,0,#DEEBF7
0X148,13,0,#DEEBF7
0X148,14,0,#DEEBF7
0X148,15,0,#DEEBF7
0X148,16,0,#DEEBF7
0X148,17,0,#DEEBF7
0X148,18,0,#DEEBF7
0X148,19,0,#DEEBF7
0X148,20,1,#DEEBF7
0X148,21,1,#DEEBF7
0X149,1,0,#DEEBF7
0X149,2,0,#DEEBF7
0X149,3,0.2,#DEEBF7
0X149,4,0.2,#DEEBF7
0X149,5,1,#DEEBF7
0X149,6,1,#DEEBF7
0X149,7,1,#DEEBF7
0X149,8,1,#DEEBF7
0X149,9,1,#DEEBF7
0X149,10,1,#DEEBF7
0X149,11,1.4,#DEEBF7
0X149,12,3.8,#DEEBF7
0X149,13,3.8,#DEEBF7
0X149,14,3.8,#DEEBF7
0X149,15,4.55,#DEEBF7
0X149,16,4.8,#DEEBF7
0X149,17,4.8,#DEEBF7
0X149,18,5.05,#DEEBF7
0X149,19,5.3,#DEEBF7
0X149,20,6.05,#DEEBF7
0X151,1,0,#DEEBF7
0X151,2,0.2666666666666667,#DEEBF7
0X151,3,0.5333333333333334,#DEEBF7
0X151,4,0.5333333333333334,#DEEBF7
0X151,5,0.6000000000000001,#DEEBF7
0X151,6,0.6666666666666667,#DEEBF7
0X151,7,0.6666666666666667,#DEEBF7
0X151,8,0.6666666666666667,#DEEBF7
0X151,9,1.0666666666666669,#DEEBF7
0X151,10,1.1333333333333335,#DEEBF7
0X151,11,1.2666666666666668,#DEEBF7
0X151,12,1.4000000000000001,#DEEBF7
0X151,13,1.4000000000000001,#DEEBF7
0X151,14,1.5333333333333334,#DEEBF7
0X151,15,1.6666666666666667,#DEEBF7
0X151,16,2,#DEEBF7
0X151,17,2.1333333333333333,#DEEBF7
0X151,18,2.3476190476190477,#DEEBF7
0X151,19,2.4904761904761905,#DEEBF7
0X151,20,2.704761904761905,#DEEBF7
0X151,21,2.704761904761905,#DEEBF7
0X151,22,2.781684981684982,#DEEBF7
0X151,23,3.031684981684982,#DEEBF7
0X151,24,3.031684981684982,#DEEBF7
0X151,25,3.031684981684982,#DEEBF7
0X152,1,0,#DEEBF7
0X152,2,0.14285714285714288,#DEEBF7
0X152,3,0.14285714285714288,#DEEBF7
0X152,4,0.14285714285714288,#DEEBF7
0X152,5,0.14285714285714288,#DEEBF7
0X152,6,0.14285714285714288,#DEEBF7
0X152,7,0.14285714285714288,#DEEBF7
0X152,8,0.14285714285714288,#DEEBF7
0X152,9,0.14285714285714288,#DEEBF7
0X152,10,0.14285714285714288,#DEEBF7
0X152,11,0.14285714285714288,#DEEBF7
0X152,12,0.14285714285714288,#DEEBF7
0X152,13,0.30952380952380953,#DEEBF7
0X152,14,0.30952380952380953,#DEEBF7
0X152,15,0.30952380952380953,#DEEBF7
0X152,16,0.30952380952380953,#DEEBF7
0X152,17,0.30952380952380953,#DEEBF7
0X152,18,0.30952380952380953,#DEEBF7
0X152,19,1.1095238095238096,#DEEBF7
0X152,20,1.3595238095238096,#DEEBF7
0X152,21,1.6095238095238096,#DEEBF7
0X152,22,1.6095238095238096,#DEEBF7
0X152,23,1.6095238095238096,#DEEBF7
0X152,24,3.6095238095238096,#DEEBF7
0X155,1,0,#DEEBF7
0X155,2,0,#DEEBF7
0X155,3,0,#DEEBF7
0X155,4,0,#DEEBF7
0X155,5,0,#DEEBF7
0X155,6,0,#DEEBF7
0X155,7,0.25,#DEEBF7
0X155,8,0.25,#DEEBF7
0X155,9,0.25,#DEEBF7
0X155,10,0.25,#DEEBF7
0X155,11,0.75,#DEEBF7
0X155,12,1,#DEEBF7
0X155,13,1,#DEEBF7
0X155,14,2,#DEEBF7
0X155,15,3,#DEEBF7
0X155,16,3,#DEEBF7
0X155,17,3.25,#DEEBF7
0X155,18,3.5,#DEEBF7
0X155,19,3.5,#DEEBF7
0X155,20,3.75,#DEEBF7
0X155,21,3.75,#DEEBF7
0X156,1,0,#DEEBF7
0X156,2,0,#DEEBF7
0X156,3,0.2222222222222222,#DEEBF7
0X156,4,0.2222222222222222,#DEEBF7
0X156,5,0.2222222222222222,#DEEBF7
0X156,6,0.2222222222222222,#DEEBF7
0X156,7,0.7777777777777778,#DEEBF7
0X156,8,1,#DEEBF7
0X156,9,1.3333333333333335,#DEEBF7
0X156,10,1.8888888888888893,#DEEBF7
0X156,11,2.0000000000000004,#DEEBF7
0X156,12,2.1111111111111116,#DEEBF7
0X156,13,2.2222222222222228,#DEEBF7
0X156,14,2.2222222222222228,#DEEBF7
0X156,15,2.2222222222222228,#DEEBF7
0X156,16,2.333333333333334,#DEEBF7
0X156,17,2.333333333333334,#DEEBF7
0X156,18,2.5555555555555562,#DEEBF7
0X156,19,2.5555555555555562,#DEEBF7
0X156,20,2.5555555555555562,#DEEBF7
0X156,21,2.5555555555555562,#DEEBF7
0X156,22,2.5555555555555562,#DEEBF7
0X156,23,2.5555555555555562,#DEEBF7
0X156,24,3.5555555555555562,#DEEBF7
0X156,25,4.055555555555556,#DEEBF7
0X156,26,4.055555555555556,#DEEBF7
0X156,27,4.055555555555556,#DEEBF7
0X162,1,0,#DEEBF7
0X162,2,0,#DEEBF7
0X162,3,0.5714285714285715,#DEEBF7
0X162,4,1,#DEEBF7
0X162,5,1.5714285714285716,#DEEBF7
0X162,6,1.7142857142857144,#DEEBF7
0X162,7,1.7142857142857144,#DEEBF7
0X162,8,1.8571428571428572,#DEEBF7
0X162,9,1.8571428571428572,#DEEBF7
0X162,10,1.8571428571428572,#DEEBF7
0X162,11,1.8571428571428572,#DEEBF7
0X162,12,2,#DEEBF7
0X162,13,2.142857142857143,#DEEBF7
0X162,14,2.2857142857142856,#DEEBF7
0X162,15,2.4285714285714284,#DEEBF7
0X162,16,2.8571428571428568,#DEEBF7
0X162,17,2.9999999999999996,#DEEBF7
0X162,18,3.1428571428571423,#DEEBF7
0X162,19,3.8571428571428568,#DEEBF7
0X162,20,3.9999999999999996,#DEEBF7
0X162,21,3.9999999999999996,#DEEBF7
0X162,22,3.9999999999999996,#DEEBF7
0X162,23,3.9999999999999996,#DEEBF7
0X165,1,0,#DEEBF7
0X165,2,0,#DEEBF7
0X165,3,0,#DEEBF7
0X165,4,0,#DEEBF7
0X165,5,0,#DEEBF7
0X165,6,0,#DEEBF7
0X165,7,0,#DEEBF7
0X165,8,0,#DEEBF7
0X165,9,0,#DEEBF7
0X165,10,0,#DEEBF7
0X165,11,0,#DEEBF7
0X165,12,0,#DEEBF7
0X165,13,0,#DEEBF7
0X165,14,0,#DEEBF7
0X165,15,1,#DEEBF7
0X165,16,1,#DEEBF7
0X165,17,1,#DEEBF7
0X165,18,1,#DEEBF7
0X165,19,1,#DEEBF7
0X165,20,1,#DEEBF7
0X165,21,2,#DEEBF7
0X166,1,0,#DEEBF7
0X166,2,0.6666666666666667,#DEEBF7
0X166,3,0.6666666666666667,#DEEBF7
0X166,4,0.6666666666666667,#DEEBF7
0X166,5,1,#DEEBF7
0X166,6,1,#DEEBF7
0X166,7,1.6666666666666665,#DEEBF7
0X166,8,2,#DEEBF7
0X166,9,2.3333333333333335,#DEEBF7
0X166,10,2.3333333333333335,#DEEBF7
0X166,11,2.666666666666667,#DEEBF7
0X166,12,2.666666666666667,#DEEBF7
0X166,13,2.666666666666667,#DEEBF7
0X166,14,2.666666666666667,#DEEBF7
0X166,15,2.666666666666667,#DEEBF7
0X166,16,2.666666666666667,#DEEBF7
0X166,17,2.666666666666667,#DEEBF7
0X166,18,3.0000000000000004,#DEEBF7
0X166,19,3.0000000000000004,#DEEBF7
0X166,20,3.0000000000000004,#DEEBF7
0X166,21,3.0000000000000004,#DEEBF7
0X167,1,0,#DEEBF7
0X167,2,0.06976744186046514,#DEEBF7
0X167,3,0.2790697674418605,#DEEBF7
0X167,4,0.4186046511627908,#DEEBF7
0X167,5,0.5116279069767443,#DEEBF7
0X167,6,0.7441860465116281,#DEEBF7
0X167,7,0.8139534883720932,#DEEBF7
0X167,8,1.0000000000000002,#DEEBF7
0X167,9,1.232558139534884,#DEEBF7
0X167,10,1.327796234772979,#DEEBF7
0X167,11,1.4706533776301218,#DEEBF7
0X167,12,1.684939091915836,#DEEBF7
0X167,13,1.7563676633444074,#DEEBF7
0X167,14,1.9468438538205979,#DEEBF7
0X167,15,2.1373200442967883,#DEEBF7
0X167,16,2.327796234772979,#DEEBF7
0X167,17,2.5420819490586934,#DEEBF7
0X167,18,2.8039867109634553,#DEEBF7
0X167,19,3.065891472868217,#DEEBF7
0X167,20,3.2801771871539316,#DEEBF7
0X167,21,3.613510520487265,#DEEBF7
0X167,22,4.084098755781382,#DEEBF7
0X167,23,4.084098755781382,#DEEBF7
0X167,24,4.084098755781382,#DEEBF7
0X167,25,4.084098755781382,#DEEBF7
0X167,26,5.084098755781382,#DEEBF7
0X167,27,5.084098755781382,#DEEBF7
0X168,1,0,#DEEBF7
0X168,2,0,#DEEBF7
0X168,3,0.33333333333333337,#DEEBF7
0X168,4,0.6666666666666667,#DEEBF7
0X168,5,0.6666666666666667,#DEEBF7
0X168,6,0.6666666666666667,#DEEBF7
0X168,7,1.3333333333333335,#DEEBF7
0X168,8,1.3333333333333335,#DEEBF7
0X168,9,1.3333333333333335,#DEEBF7
0X168,10,1.3333333333333335,#DEEBF7
0X168,11,1.3333333333333335,#DEEBF7
0X168,12,2.3333333333333335,#DEEBF7
0X168,13,3,#DEEBF7
0X168,14,3.3333333333333335,#DEEBF7
0X168,15,3.3333333333333335,#DEEBF7
0X168,16,3.666666666666667,#DEEBF7
0X168,17,3.666666666666667,#DEEBF7
0X168,18,3.666666666666667,#DEEBF7
0X168,19,4.333333333333334,#DEEBF7
0X168,20,4.333333333333334,#DEEBF7
0X168,21,4.833333333333334,#DEEBF7
0X168,22,4.833333333333334,#DEEBF7
0X168,23,6.333333333333334,#DEEBF7
0X168,24,6.333333333333334,#DEEBF7
0X168,25,6.333333333333334,#DEEBF7
0X168,26,6.333333333333334,#DEEBF7
0X168,27,6.333333333333334,#DEEBF7
0X168,28,6.333333333333334,#DEEBF7
0X168,29,6.333333333333334,#DEEBF7
0X170,1,0,#DEEBF7
0X170,2,0.75,#DEEBF7
0X170,3,1.0833333333333335,#DEEBF7
0X170,4,1.416666666666667,#DEEBF7
0X170,5,1.7500000000000004,#DEEBF7
0X170,6,2.083333333333334,#DEEBF7
0X170,7,2.083333333333334,#DEEBF7
0X170,8,2.083333333333334,#DEEBF7
0X170,9,2.4166666666666674,#DEEBF7
0X170,10,2.750000000000001,#DEEBF7
0X170,11,2.750000000000001,#DEEBF7
0X170,12,2.750000000000001,#DEEBF7
0X170,13,3.0833333333333344,#DEEBF7
0X170,14,3.416666666666668,#DEEBF7
0X170,15,3.7500000000000013,#DEEBF7
0X170,16,3.7500000000000013,#DEEBF7
0X170,17,3.7500000000000013,#DEEBF7
0X170,18,3.7500000000000013,#DEEBF7
0X170,19,4.083333333333335,#DEEBF7
0X170,20,4.083333333333335,#DEEBF7
0X170,21,4.583333333333335,#DEEBF7
0X170,22,4.583333333333335,#DEEBF7
0X171,1,0,#DEEBF7
0X171,2,0.16666666666666666,#DEEBF7
0X171,3,0.5833333333333333,#DEEBF7
0X171,4,0.5833333333333333,#DEEBF7
0X171,5,0.6666666666666666,#DEEBF7
0X171,6,0.9166666666666666,#DEEBF7
0X171,7,0.9166666666666666,#DEEBF7
0X171,8,1.25,#DEEBF7
0X171,9,1.4166666666666667,#DEEBF7
0X171,10,1.75,#DEEBF7
0X171,11,1.75,#DEEBF7
0X171,12,2,#DEEBF7
0X171,13,2,#DEEBF7
0X171,14,2.0833333333333335,#DEEBF7
0X171,15,2.166666666666667,#DEEBF7
0X171,16,2.166666666666667,#DEEBF7
0X171,17,2.2500000000000004,#DEEBF7
0X171,18,2.333333333333334,#DEEBF7
0X171,19,2.583333333333334,#DEEBF7
0X171,20,2.833333333333334,#DEEBF7
0X171,21,2.9242424242424248,#DEEBF7
0X171,22,2.9242424242424248,#DEEBF7
0X171,23,3.2575757575757582,#DEEBF7
0X171,24,3.2575757575757582,#DEEBF7
0X171,25,3.2575757575757582,#DEEBF7
0X171,26,3.2575757575757582,#DEEBF7
0X171,27,3.2575757575757582,#DEEBF7
0X171,28,3.2575757575757582,#DEEBF7
0X171,29,3.2575757575757582,#DEEBF7
0X171,30,3.2575757575757582,#DEEBF7
0X172,1,0,#DEEBF7
0X172,2,0,#DEEBF7
0X172,3,0,#DEEBF7
0X172,4,0,#DEEBF7
0X172,5,0,#DEEBF7
0X172,6,0,#DEEBF7
0X172,7,0,#DEEBF7
0X172,8,0,#DEEBF7
0X172,9,0,#DEEBF7
0X172,10,0,#DEEBF7
0X172,11,0,#DEEBF7
0X172,12,0,#DEEBF7
0X172,13,0,#DEEBF7
0X172,14,0,#DEEBF7
0X172,15,0,#DEEBF7
0X172,16,0,#DEEBF7
0X172,17,0,#DEEBF7
0X172,18,0,#DEEBF7
0X172,19,0,#DEEBF7
0X172,20,0,#DEEBF7
0X172,21,0,#DEEBF7
0X173,1,0,#DEEBF7
0X173,2,2,#DEEBF7
0X173,3,2,#DEEBF7
0X174,1,0,#DEEBF7
0X174,2,0,#DEEBF7
0X174,3,0.33333333333333337,#DEEBF7
0X174,4,0.6666666666666667,#DEEBF7
0X174,5,0.6666666666666667,#DEEBF7
0X174,6,0.6666666666666667,#DEEBF7
0X174,7,0.6666666666666667,#DEEBF7
0X174,8,0.6666666666666667,#DEEBF7
0X174,9,0.6666666666666667,#DEEBF7
0X174,10,1,#DEEBF7
0X174,11,1,#DEEBF7
0X174,12,1,#DEEBF7
0X174,13,1,#DEEBF7
0X174,14,1,#DEEBF7
0X174,15,1,#DEEBF7
0X174,16,1,#DEEBF7
0X174,17,1.3333333333333335,#DEEBF7
0X174,18,1.3333333333333335,#DEEBF7
0X174,19,1.3333333333333335,#DEEBF7
0X174,20,1.3333333333333335,#DEEBF7
0X174,21,1.3333333333333335,#DEEBF7
0X174,22,1.3333333333333335,#DEEBF7
0X174,23,1.3333333333333335,#DEEBF7
0X176,1,0,#DEEBF7
0X176,2,0,#DEEBF7
0X176,3,0.25,#DEEBF7
0X176,4,0.5,#DEEBF7
0X176,5,1.25,#DEEBF7
0X176,6,1.25,#DEEBF7
0X176,7,1.25,#DEEBF7
0X176,8,1.25,#DEEBF7
0X176,9,1.5,#DEEBF7
0X176,10,1.5,#DEEBF7
0X176,11,1.5,#DEEBF7
0X176,12,1.5,#DEEBF7
0X176,13,1.5,#DEEBF7
0X176,14,1.5,#DEEBF7
0X176,15,1.5,#DEEBF7
0X176,16,1.5,#DEEBF7
0X176,17,1.75,#DEEBF7
0X176,18,1.75,#DEEBF7
0X176,19,1.75,#DEEBF7
0X176,20,1.75,#DEEBF7
0X176,21,2.0833333333333335,#DEEBF7
0X176,22,2.0833333333333335,#DEEBF7
0X177,1,0,#DEEBF7
0X177,2,0,#DEEBF7
0X177,3,0,#DEEBF7
0X177,4,1,#DEEBF7
0X177,5,1,#DEEBF7
0X177,6,1,#DEEBF7
0X177,7,1,#DEEBF7
0X177,8,2,#DEEBF7
0X177,9,2,#DEEBF7
0X177,10,2,#DEEBF7
0X177,11,3,#DEEBF7
0X177,12,3,#DEEBF7
0X177,13,3,#DEEBF7
0X177,14,4,#DEEBF7
0X177,15,4,#DEEBF7
0X177,16,4,#DEEBF7
0X177,17,4,#DEEBF7
0X177,18,4,#DEEBF7
0X177,19,4,#DEEBF7
0X177,20,4,#DEEBF7
0X177,21,4,#DEEBF7
0X177,22,4,#DEEBF7
0X179,1,0,#DEEBF7
0X179,2,0,#DEEBF7
0X179,3,0.33333333333333337,#DEEBF7
0X179,4,0.33333333333333337,#DEEBF7
0X179,5,0.33333333333333337,#DEEBF7
0X179,6,1,#DEEBF7
0X179,7,1.6666666666666667,#DEEBF7
0X179,8,2.3333333333333335,#DEEBF7
0X179,9,2.3333333333333335,#DEEBF7
0X179,10,3,#DEEBF7
0X179,11,3,#DEEBF7
0X179,12,3.3333333333333335,#DEEBF7
0X179,13,4,#DEEBF7
0X179,14,4.333333333333333,#DEEBF7
0X179,15,4.333333333333333,#DEEBF7
0X179,16,5,#DEEBF7
0X179,17,5,#DEEBF7
0X179,18,6.333333333333333,#DEEBF7
0X179,19,6.666666666666666,#DEEBF7
0X179,20,7.333333333333333,#DEEBF7
0X179,21,8.333333333333332,#DEEBF7
0X179,22,8.333333333333332,#DEEBF7
0X179,23,8.333333333333332,#DEEBF7
0X179,24,8.333333333333332,#DEEBF7
0X181,1,0,#DEEBF7
0X181,2,0,#DEEBF7
0X181,3,0,#DEEBF7
0X181,4,0,#DEEBF7
0X181,5,0,#DEEBF7
0X181,6,0,#DEEBF7
0X181,7,0,#DEEBF7
0X181,8,2,#DEEBF7
0X181,9,2,#DEEBF7
0X181,10,2,#DEEBF7
0X181,11,2,#DEEBF7
0X181,12,2,#DEEBF7
0X181,13,2,#DEEBF7
0X181,14,2,#DEEBF7
0X181,15,2,#DEEBF7
0X181,16,2,#DEEBF7
0X181,17,2,#DEEBF7
0X181,18,2,#DEEBF7
0X181,19,2,#DEEBF7
0X181,20,2,#DEEBF7
0X181,21,2,#DEEBF7
0X182,1,0,#DEEBF7
0X182,2,0,#DEEBF7
0X182,3,0.375,#DEEBF7
0X182,4,0.625,#DEEBF7
0X182,5,0.875,#DEEBF7
0X182,6,1.125,#DEEBF7
0X182,7,1.25,#DEEBF7
0X182,8,1.5,#DEEBF7
0X182,9,1.75,#DEEBF7
0X182,10,2.25,#DEEBF7
0X182,11,2.625,#DEEBF7
0X182,12,2.625,#DEEBF7
0X182,13,3.196428571428571,#DEEBF7
0X182,14,3.625,#DEEBF7
0X182,15,3.767857142857143,#DEEBF7
0X182,16,4.196428571428571,#DEEBF7
0X182,17,4.339285714285714,#DEEBF7
0X182,18,4.625,#DEEBF7
0X182,19,4.910714285714286,#DEEBF7
0X182,20,5.196428571428571,#DEEBF7
0X182,21,5.863095238095238,#DEEBF7
0X182,22,6.2630952380952385,#DEEBF7
0X182,23,6.2630952380952385,#DEEBF7
0X182,24,6.2630952380952385,#DEEBF7
0X182,25,6.5964285714285715,#DEEBF7
0X182,26,6.5964285714285715,#DEEBF7
0X182,27,6.5964285714285715,#DEEBF7
0X183,1,0,#DEEBF7
0X183,2,0,#DEEBF7
0X183,3,0,#DEEBF7
0X183,4,0,#DEEBF7
0X183,5,0,#DEEBF7
0X183,6,0,#DEEBF7
0X183,7,0,#DEEBF7
0X183,8,0,#DEEBF7
0X183,9,0,#DEEBF7
0X183,10,0,#DEEBF7
0X183,11,0,#DEEBF7
0X183,12,0,#DEEBF7
0X183,13,0,#DEEBF7
0X183,14,0,#DEEBF7
0X183,15,0,#DEEBF7
0X183,16,0,#DEEBF7
0X183,17,0,#DEEBF7
0X183,18,0,#DEEBF7
0X183,19,0,#DEEBF7
0X183,20,0,#DEEBF7
0X183,21,0,#DEEBF7
0X184,1,0,#DEEBF7
0X184,2,0,#DEEBF7
0X184,3,1.3333333333333335,#DEEBF7
0X184,4,1.666666666666667,#DEEBF7
0X184,5,1.8333333333333337,#DEEBF7
0X184,6,1.8333333333333337,#DEEBF7
0X184,7,2.166666666666667,#DEEBF7
0X184,8,2.3333333333333335,#DEEBF7
0X184,9,2.3333333333333335,#DEEBF7
0X184,10,2.5,#DEEBF7
0X184,11,2.5,#DEEBF7
0X184,12,2.5,#DEEBF7
0X184,13,2.6666666666666665,#DEEBF7
0X184,14,2.6666666666666665,#DEEBF7
0X184,15,2.833333333333333,#DEEBF7
0X184,16,3.1666666666666665,#DEEBF7
0X184,17,3.6666666666666665,#DEEBF7
0X184,18,4,#DEEBF7
0X184,19,4,#DEEBF7
0X184,20,4.333333333333333,#DEEBF7
0X184,21,5.166666666666666,#DEEBF7
0X184,22,5.166666666666666,#DEEBF7
0X184,23,5.166666666666666,#DEEBF7
0X184,24,5.166666666666666,#DEEBF7
0X184,25,5.166666666666666,#DEEBF7
0X184,26,5.166666666666666,#DEEBF7
0X184,27,5.166666666666666,#DEEBF7
0X184,28,6.166666666666666,#DEEBF7
0X184,29,6.166666666666666,#DEEBF7
0X186,1,0,#DEEBF7
0X186,2,0.5,#DEEBF7
0X186,3,0.5,#DEEBF7
0X186,4,0.5,#DEEBF7
0X186,5,0.5,#DEEBF7
0X186,6,0.5,#DEEBF7
0X186,7,1,#DEEBF7
0X186,8,2,#DEEBF7
0X186,9,2,#DEEBF7
0X186,10,2,#DEEBF7
0X186,11,2,#DEEBF7
0X186,12,2,#DEEBF7
0X186,13,2,#DEEBF7
0X186,14,2,#DEEBF7
0X186,15,2,#DEEBF7
0X186,16,2,#DEEBF7
0X186,17,2,#DEEBF7
0X186,18,2,#DEEBF7
0X186,19,2,#DEEBF7
0X186,20,2,#DEEBF7
0X186,21,2,#DEEBF7
0X186,22,2,#DEEBF7
0X189,1,0,#DEEBF7
0X189,2,0,#DEEBF7
0X189,3,0,#DEEBF7
0X189,4,0.33333333333333337,#DEEBF7
0X189,5,0.33333333333333337,#DEEBF7
0X189,6,0.33333333333333337,#DEEBF7
0X189,7,0.33333333333333337,#DEEBF7
0X189,8,0.33333333333333337,#DEEBF7
0X189,9,0.33333333333333337,#DEEBF7
0X189,10,0.33333333333333337,#DEEBF7
0X189,11,0.33333333333333337,#DEEBF7
0X189,12,0.33333333333333337,#DEEBF7
0X189,13,0.33333333333333337,#DEEBF7
0X189,14,0.33333333333333337,#DEEBF7
0X189,15,0.33333333333333337,#DEEBF7
0X189,16,0.33333333333333337,#DEEBF7
0X189,17,0.33333333333333337,#DEEBF7
0X189,18,0.33333333333333337,#DEEBF7
0X189,19,0.33333333333333337,#DEEBF7
0X189,20,0.33333333333333337,#DEEBF7
0X189,21,0.33333333333333337,#DEEBF7
0X189,22,0.33333333333333337,#DEEBF7
0X190,1,0,#DEEBF7
0X190,2,0,#DEEBF7
0X190,3,0,#DEEBF7
0X190,4,0,#DEEBF7
0X190,5,0,#DEEBF7
0X190,6,0,#DEEBF7
0X190,7,0,#DEEBF7
0X190,8,0,#DEEBF7
0X190,9,0,#DEEBF7
0X190,10,0,#DEEBF7
0X190,11,0,#DEEBF7
0X190,12,0,#DEEBF7
0X190,13,0,#DEEBF7
0X190,14,0,#DEEBF7
0X190,15,1,#DEEBF7
0X190,16,1,#DEEBF7
0X190,17,1,#DEEBF7
0X190,18,1,#DEEBF7
X044X,1,0,#DEEBF7
X044X,2,0,#DEEBF7
X044X,3,0.2222222222222222,#DEEBF7
X044X,4,0.3333333333333333,#DEEBF7
X044X,5,0.3333333333333333,#DEEBF7
X044X,6,0.4444444444444444,#DEEBF7
X044X,7,0.6666666666666666,#DEEBF7
X044X,8,0.6666666666666666,#DEEBF7
X044X,9,0.6666666666666666,#DEEBF7
X044X,10,1.1111111111111112,#DEEBF7
X044X,11,1.7777777777777777,#DEEBF7
X044X,12,2.333333333333333,#DEEBF7
X044X,13,2.5555555555555554,#DEEBF7
X044X,14,2.7777777777777777,#DEEBF7
X044X,15,3.111111111111111,#DEEBF7
X044X,16,3.236111111111111,#DEEBF7
X044X,17,3.736111111111111,#DEEBF7
X044X,18,4.236111111111111,#DEEBF7
X044X,19,4.736111111111111,#DEEBF7
X044X,20,5.111111111111111,#DEEBF7
X044X,21,5.253968253968254,#DEEBF7
X044X,22,5.420634920634921,#DEEBF7
X044X,23,5.420634920634921,#DEEBF7
X044X,24,5.420634920634921,#DEEBF7
X044X,25,5.420634920634921,#DEEBF7
X044X,26,6.420634920634921,#DEEBF7
X044X,27,6.420634920634921,#DEEBF7
X044X,28,6.420634920634921,#DEEBF7
X044X,29,6.420634920634921,#DEEBF7
X060X,1,0,#DEEBF7
X060X,2,0,#DEEBF7
X060X,3,0,#DEEBF7
X060X,4,1.5,#DEEBF7
X060X,5,1.5,#DEEBF7
X060X,6,1.5,#DEEBF7
X060X,7,1.5,#DEEBF7
X060X,8,1.5,#DEEBF7
X060X,9,2.5,#DEEBF7
X060X,10,2.5,#DEEBF7
X060X,11,3,#DEEBF7
X060X,12,3,#DEEBF7
X060X,13,3,#DEEBF7
X060X,14,3,#DEEBF7
X060X,15,3,#DEEBF7
X060X,16,3,#DEEBF7
X060X,17,3,#DEEBF7
X060X,18,3,#DEEBF7
X060X,19,3,#DEEBF7
X060X,20,3,#DEEBF7
X060X,21,3,#DEEBF7
X067X,1,0,#DEEBF7
X067X,2,0,#DEEBF7
X067X,3,0,#DEEBF7
X067X,4,0,#DEEBF7
X067X,5,0,#DEEBF7
X067X,6,0,#DEEBF7
X067X,7,0,#DEEBF7
X067X,8,0,#DEEBF7
X067X,9,0,#DEEBF7
X067X,10,0,#DEEBF7
X067X,11,0,#DEEBF7
X067X,12,0,#DEEBF7
X067X,13,0,#DEEBF7
X067X,14,0,#DEEBF7
X067X,15,0,#DEEBF7
X067X,16,0,#DEEBF7
X067X,17,0,#DEEBF7
X067X,18,0,#DEEBF7
X067X,19,0,#DEEBF7
X067X,20,0,#DEEBF7
X185X,1,0,#DEEBF7
X185X,2,0,#DEEBF7
X185X,3,0,#DEEBF7
X185X,4,2,#DEEBF7
X185X,5,2,#DEEBF7
X185X,6,2,#DEEBF7
X185X,7,2,#DEEBF7
X185X,8,3,#DEEBF7
X185X,9,3,#DEEBF7
X185X,10,4,#DEEBF7
X185X,11,4,#DEEBF7
X185X,12,4,#DEEBF7
X185X,13,4,#DEEBF7
X185X,14,4,#DEEBF7
X185X,15,4,#DEEBF7
X185X,16,4,#DEEBF7
X185X,17,5,#DEEBF7
X185X,18,5,#DEEBF7
X185X,19,6,#DEEBF7
X185X,20,7,#DEEBF7
